id,bill
159,壹、無黨團結聯盟黨團擬具之「離島建設條例第十二條條文修正草案」，經變更議程，自經濟委員會抽出逕付二讀，列為本次會議討論事項第八案，並由無黨團結聯盟黨團負責召集協商。【經在場委員92人，贊成者64人，反對者28人，多數通過；並採記名表決方式，表決結果名單附後（158）】
158,(六)勞工退休基金（新制）上路後，勞工退休基金（新制）規模累積速度驚人，根據世界知名的華信惠悅顧問管理公司（Watson Waytt）統計，我國勞工退休基金（新制）淨值排行從2007年排名第138名，到2008年已經往前跳到94名，更是過去5年成長速度最快的退休基金。根據勞工退休基金監理會預估，基金大約於99年5月就會逾兆元。為分散風險，勞工退休基金（新制）應循政府採購法委託複數家數之國營行庫保管管理。【經在場委員59人，贊成者1人，反對者58人，少數不通過；並採記名表決方式，表決結果名單附後(157)】
157,(五)勞工退休基金（舊制）不得以「勞工退休基金收支保管及運用辦法」，明定委託臺灣銀行辦理基金之收支、保管及運用，應循政府採購法公開委託辦理。【經在場委員61人，贊成者3人，反對者58人，少數不通過；並採記名表決方式，表決結果名單附後(156)】
156,(二十八)查行政院環境保護署98年預算審查之決議，考量現階段從歐洲國家失敗經驗，以名為生物可分解性材質但卻相較於應繳費之紙容器與職務纖維容器更不易分解；同時為避免衝擊現行塑膠回收體系之運作，附加現今廠商只有一家應考慮社會觀感及公平性，要求PLA未來應收取費用獨自建立回收體系。然而行政院環境保護署卻不顧98年決議應於99年納入徵收項目，卻僅要求廠商自行回收，不願依照立法院社會福利及衛生環境委員會決議開徵費用。此舉已明顯違反相關行政法理，有行政重大疏失之嫌。特此建議立法院社會福利及衛生環境委員會應比照經濟委員會對於核四議題之處理方式，成立調閱小組，於立法院第7屆第5會期結束前敦請預算中心及法制局支援，協助調查PLA政策之始末。【經在場委員63人，贊成者3人，反對者60人，少數不通過；並採記名表決方式，表決結果名單附後（155）】信託基金部分
155,"(二十三)99年度行政院衛生署健康照護基金附屬單位預算菸害防制及衛生保健基金「菸害防制計畫」之「用品消耗」經費955萬3,000元，較上年度爆增有近24倍之多，其中最主要係因該項目挾帶購買人類乳突病毒（HPV）疫苗費用850萬元，因該疫苗與菸害防制相關工作並無相關連性，亦非用於預防菸害相關癌症之用，該筆經費之編列應回歸至公務預算編列或「疫苗接種計畫」中執行，編列於此明顯「名不符實」，爰建議該筆經費850萬元予以刪除。【經在場委員61人，贊成者2人，反對者59人，少數不通過；並採記名表決方式，表決結果名單附後（154）】"
154,"(二十二)99年度行政院衛生署健康照護基金附屬單位預算醫療發展基金項下「提升偏遠地區醫療服務品質計畫」材料及用品費—用品消耗，此預算原應為辦公行政之用品，購置子宮頸癌疫苗有巧立名目之嫌。此外，行政院衛生署傳染病諮詢委員會預防接種組決議預定導入之新疫苗中，子宮頸癌疫苗並不具其優先性，體認國家財政困難，故建議刪除此計畫之預算3,360萬元。【經在場委員61人，贊成者2人，反對者59人，少數不通過；並採記名表決方式，表決結果名單附後(153)】"
153,"(八)99年度行政院勞工委員會就業安定基金附屬單位預算，其中辦理該基金業務之外包人力約有1,897人，共計人事經費12億0,412萬1,000元，占辦理就業安定基金人力及人事經費約七成。經查證，該基金為辦理相關業務，每年依政府採購法第22條第1項第7款及第9款規定辦理勞務外包，惟業務外包人力管控方式鬆散，來自於就業安定基金之經費，相關人力分配使用於預算書中並無明確說明，甚至將經費分散於不同項目費用中編列，以致難以進行相關監督審查之工作；對於高達約七成之業務外包人力及高額經費，行政院勞工委員會職業訓練局在人事運用權限方面顯有相對擴大之虞，且未將人力資訊透明化，爰此，建議凍結99年度就業安定基金業務外包項目之2億元經費，俟相關單位提出合理之解釋，並向立法院社會福利及衛生環境委員會報告經同意後，始得動支。【經在場委員59人，贊成者3人，反對者56人，少數不通過；並採記名表決方式，表決結果名單附後(152)】"
152,"(六)99年度行政院勞工委員會就業安定基金於「就業服務業務」項下分別編列「就業服務據點協助推介就業人力計畫」1億8,273萬3,000元、「就業服務相關工作勞務需求計畫」1億6,057萬5,000元，共計3億4,330萬8,000元。然而，上述2項計畫說明內容皆是「委外以人力外包方式補充人員辦理就業服務推介、就業諮詢、就業機會開拓、失業認定、行銷公關及其他就業服務機關工作。」，該業務內容並無二致，卻分別以不同計畫名稱重複編列，為避免預算編列浮濫，爰刪除1億6,057萬5,000元。【經在場委員64人，贊成者3人，反對者61人，少數不通過；並採記名表決方式，表決結果名單附後(151)】"
151,(一)法務部主管99年度監所作業基金附屬單位預算業務收支部分有關業務總支出凍結二分之一，俟向立法院司法及法制委員會報告並經同意後始得動支。【經在場委員62人，贊成者3人，反對者57人，少數不通過；並採記名表決方式，表決結果名單附後(150)】
150,"(三十六)99年度交通部航港建設基金預算，歲出預算「補助港灣建設計畫」63億8,644萬3,000元，自97年起連年擴張從42億擴張至99年之63億元。又99年補助計畫多有長達一年以上者，惟卻均無計畫內容與明細，實為可議。為避免建設不符需求，上述預算爰予凍結三分之一，俟交通部就99年新興計畫內容及預期成效、四大國際商港因應金融海嘯與是否會受ECFA簽署之影響等事項，向本院相關委員會報告，並經同意後始得動支。【經在場委員64人，贊成者3人，反對者61人，少數不通過；並採記名表決方式，表決結果名單附後(149)】"
149,"(三十五)觀光發展基金99年度「行銷及業務費用－業務宣導費」中為「觀光拔尖領航方案」之國際市場開拓計畫編列8億4,460萬元之宣傳推廣費用。惟查關於「觀光拔尖領航方案」之國際市場開拓計畫之相關經費共高達24.13億餘元分別列於不同科目並內容相互重疊。如其中廣告宣傳費已編列11.8億餘元，而卻又編列8.44億餘元之宣傳推廣費，兩者項目重複，故上述預算爰予全數刪除。【經在場委員62人，贊成者2人，反對者60人，少數不通過；並採記名表決方式，表決結果名單附後(148)】"
148,"(三十四)觀光發展基金99年度編列1億5,000萬元「國際光點計畫」主要辦理項目為評選國際級地點，以及包裝2010年台北花卉博覽會、建國100年、2011世界設計大會等大型活動行銷台灣，並由行政院跨部會推動。但其預期效益僅為「期能每半年至少吸引1,000名國際旅客」。預算與效益顯不成比例，似僅為行政院另闢私房錢的計畫，是以上述預算應予全數刪除。【經在場委員63人，贊成者3人，反對者60人，少數不通過；並採記名表決方式，表決結果名單附後(147)】"
147,(三十二)觀光發展基金99年度為「區域觀光旗艦計畫」編列10億元，由交通部觀光局委託專業團隊，邀請國際觀光專業人士協助五大區域之觀光發展主軸，推動項目係委託專業服務、公告補助規定與審查作業等。又依據預計進度，前項委託專業部分應於今年（98）完成，則99年度所編列之10億元僅用於公告補助與審查作業實屬過高，爰此，上述預算應予減列二分之一。【經在場委員60人，贊成者1人，反對者59人，少數不通過；並採記名表決方式，表決結果名單附後(146)】
146,"(三十一)對於台北、高雄圓山飯店建物等租金收入僅編列167萬2,000元遠低於觀光局對台北、高雄圓山飯店所繳交之地價稅、房屋稅3,386萬3,000元，租金收入還不及繳交地價、房屋稅的20分之1，該租金計算非常不合理，亦與市價不成比例，似有圖利之嫌，爰此要求依業界之慣例租金為營業額之10%，對台北、高雄圓山飯店之租金應增列1億5,000萬元。【經在場委員64人，贊成者3人，反對者61人，少數不通過；並採記名表決方式，表決結果名單附後(145)】"
145,"(二十八)國道公路建設管理基金99年度就「旅運費」編列1,460萬元，較上年度（98）增加0.4%、與前年度相較則增加16%。究其內容，具有國內旅費超過近三年平均數、國外旅費預算編列過於簡略，派員出國計畫類別及內容均欠明確等缺失，且最近三年出國考察計畫雷同等有待改善事項，爰此，上述預算應酌予減列15%。【經在場委員63人，贊成者3人，反對者60人，少數不通過；並採記名表決方式，表決結果名單附後 (144)】"
144,"(二十三)民航事業作業基金99年度「勞務成本—服務費用」項下編列「專業服務費—法律事務費」1,634萬5,000元，另於「管理及總務費用費」項下編列「專業服務費—法律事務費」604萬7,000元，99年度法律事務費合計2,239萬2,000元，作為聘請法律顧問及訴訟費用。惟查，該法律事務費99年度均較歷年執行數大幅增加，且歷年執行率甚低，綜上，上述預算應予酌減1,000萬元。【經在場委員62人，贊成者3人，反對者59人，少數不通過；並採記名表決方式，表決結果名單附後(143)】"
143,"(十九)國家通訊傳播委員會身為主管與督導機關，竟協助「台灣電信產業發展協會」製播之「基地台守護你」廣告片徵用公益頻道播出，NCC主委還親自上場在廣告中為基地台背書，顯然向業者傾斜，有失監督管理之責！在目前電磁波對人體是否有害尚未有足夠的科學驗證之前，連德國政府都建議人民應減少暴露頻率，NCC還罔顧人民權益，為業者背書，決議刪除「通訊傳播技術業務監理計畫」—基地台電磁波宣導計畫1,500,000元。【經在委員60人，贊成者3人，反對者57人，少數不通過；並採記名表決方式，表決結果名單附後(142)】"
142,(十二)馬英九總統於競選文宣時表示高速公路收費長期以來不合理，南部人已經多繳350億元之通行費用。為符合公正合理，因此國道1號員林收費站（含）以南、國道3號名間收費站（含）以南之收費站通行費自99年度起應予減少10元。【經在場委員58人，贊成者2人，反對者56人，少數不通過；並採記名表決方式，表決結果名單附後(141)】
141,"(八)99年度民航事業作業基金新增補助高速鐵路工程局「桃園國際機場聯外捷運系統」A14a車站經費1億7,000萬元，係為機場旅館BOT案有增設車站之需，而與振興經濟擴大公共建設之桃園國際機場聯外捷運系統建設計畫所分攤之經費（興建總經費約8.38億元，其中6億元由民航基金支應、2.38億元由特別預算支應），此無異於政府以數億元經費間接協助該機場旅館BOT案，實有對外詳加說明之必要，爰此要求上述經費凍結五分之一，俟交通部就該機場旅館BOT案向立法院交通委員會報告後，始得動支。【經在場委員63人，贊成者60人，反對者3人，多數通過；並採記名表決方式，表決結果名單附後(140)】"
140,"(五)觀光發展基金99年度之「勞務成本」項下「捐助、補助與獎助」中編列「協助辦理大陸地區宣傳計畫及旅展」8,500萬元，惟查觀光局已於上年度（98年）撥用8,500萬元補助臺灣海峽兩岸觀光旅遊協會辦理『99年度大陸市場宣傳推廣』，而99年度預算卻又針對大陸地區宣傳計畫事項再編列8,500萬元，該筆大陸地區宣傳計畫費用等於高達1億7,000萬，顯有重複編列之嫌，爰此，觀光發展基金99年度之「勞務成本」項下之「協助辦理大陸地區宣傳計畫及旅展」8,500萬元預算應予全數刪除。【經在場委員62人，贊成者3人，反對者59人，少數不通過；並採記名表決方式，表決結果名單附後(139)】"
139,(二)馬英九總統於競選文宣時表示高速公路收費長期以來不合理，南部人已經多繳350億元之通行費用。為符合公正合理，爰對國道1號員林收費站（含）以南、國道3號名間收費站（含）以南之收費站通行費收入，均刪除25%。【經在場委員63人，贊成者3人，反對者57人，少數不通過；並採記名表決方式，表決結果名單附後(138)】
138,"(一)為實現馬英九總統廢除新市、白河收費站之政見，爰將99年度新市收費站通行費收入9億5,445萬元、白河收費站4億9,786萬元均予刪除。【經在場委員62人，贊成者2人，反對者60人，少數不通過；並採記名表決方式，表決結果名單附後(137)】"
137,"(四十六)99年度運動發展基金「基金用途」之「輔助運動訓練場館興整建及維護管理計畫」編列2億元，扣除委員會已減列之5,000萬元後，其餘全數凍結，俟體委會向教育及文化委員會報告並獲同意後，始得動支。【經在場委員63人，贊成者3人，反對者60人，少數不通過；並採記名表決方式，表決結果名單附後(136)】"
136,"(四十五)99年度運動發展基金「基金用途」之「輔導運動產業發展計畫」編列1億2,444萬元，扣除委員會已減列之5,000萬元後，其餘凍結5,000萬元，俟體委會向立法院教育及文化委員會報告並獲同意後，始得動支。【經在場委員64人，贊成者3人，反對者61人，少數不通過；並採記名表決方式，表決結果名單附後(135)】"
135,"(四十四)「基金用途」之「一般行政管理計畫」項下「推動健全運動彩券銷售體系」編列3,250萬元，建議減列1,000萬元。【經在場委員64人，贊成者3人，反對者61人，少數不通過；並採記名表決方式，表決結果名單附後（134）】"
134,"(四十三)「基金用途」之「辦理大型國際體育運動交流活動計畫」編列3億8,795萬元，建議凍結2億元。【經在場委員63人，贊成者3人，反對者60人，少數不通過；並採記名表決方式，表決結果名單附後（133）】"
133,"(四十)運動發展基金99年度編列「旅運費」1,100萬元，出差天數過於浮濫，有違常理，未覈實編列，爰建議減列1,000萬元。【經在場委員63人，贊成者2人，反對者61人，少數不通過；並採記名表決方式，表決結果名單附後(132)】"
132,"(三十九)本基金編列19億餘元之各項用途計畫中，補助與捐助經費達16億3,381萬元，占全部用途計畫經費之86%，惟觀之各用途計畫編列之補助與捐助經費，計畫內容含糊未明、各項預算漫無標準、過於粗糙，其預計補助之對象名稱、明確金額、補助金額之計列基礎及依據等資料，均未於預算書內明確清楚表達，致本院審查預算時難以衡量評估各項用途計畫預算，是否具必要性、合理性及效益性？為避免預算執行時發生浮濫及浪費之情事，爰建議有關「捐助、補助與獎助」預算凍結二分之一，俟體委會向教育及文化委員會提出各項經費標準、補助依據及資格，並經同意後，始得動支。【經在場委員61人，贊成者3人，反對者58人，少數不通過；並採記名表決方式，表決結果名單附後(131)】"
131,(三十八)鑑於運動彩券發行之盈餘尚未依法公告使用範圍，且運動發展基金相關收支保管及運用辦法亦未訂定送立法院，致各項收支運作難有依循；再者，預算編列多項工作計畫均與公務預算重複，未能落實特種基金設立之宗旨，爰建議在體委會將該基金收支保管及運用辦法送立法院、並明確劃分與公務預算編列範圍前，有關該「基金用途」之預算均予全數凍結。【經在場委員59人，贊成者3人，反對者56人，少數不通過；並採記名表決方式，表決結果名單附後(130)】
130,"(三十五)本基金99年度編列「用人費用」265萬8,000元，分別於「行銷費用」及「管理費用及總務費用」科目聘僱人員1名、外聘委員及約僱人員3人。惟依故宮文物藝術發展基金收支保管及運用辦法規定，該基金會相關人員均應由現職人員兼任，管理會逾越規定，擅自僱請專職約僱人員協助辦理基金業務，明顯違法。爰建議除外聘委員酬勞4萬元外，餘261萬8,000元應予全數刪除。【經在場委員58人，贊成者3人，反對者55人，少數不通過；並採記名表決方式，表決結果名單附後(129)】"
129,(三十三)故宮博物院辦理文物徵集之方向必須和院務會議通過之年度發展計畫相符，不可任由古董商推薦而購買，而文物徵集審查制度的初審評審會議的審查人員就必須要有院外委員3-5人參與，讓藝術專業人員參與初選，才符合專業審查、透明公開的制度，同時在複審評審會議須採合議制，院外委員須達7-9人，而且不能和初審評審作業的院外委員相同，避免遭少數人壟斷，以符審查會議公開、公正之精神。【經在場委員60人，贊成者3人，反對者57人，少數不通過；並採記名表決方式，表決結果名單附後(128)】
128,(三十二)故宮博物院員工消費合作社雖已繳交國庫場地租金及經營權利金，惟其銷售對象多非社員，95至98年度對社員販售日常用品221萬至353萬元不等，占當年度銷貨收入總額未及1%，已逾合作社成立之原始目的，顯非合作社法所規範之員工消費合作社；且其利用國家資源所衍生收入，無論是出版品、紀念品或餐飲等服務，建請依預算法規定辦理繳庫，以符法制。【經在場委員61人，贊成者59人，反對者2人，多數通過；並採記名表決方式，表決結果名單附後(127)】
127,"(三十)「業務外費用」之「財務費用」項下「利息費用」原列22億6,380萬1,000元，建議凍結5億元。【經在場委員59人，贊成者2人，反對者57人，少數不通過；並採記名表決方式，表決結果名單附後(126)】"
126,"(二十七)「業務收入」之「租金及權利金收入」項下「土地租金收入」及「廠房租金收入」共計原列48億7,465萬5,000元，建議增列2億元。【經在場委員62人，贊成者3人，反對者59人，少數不通過；並採記名表決方式，表決結果名單附後(125)】"
125,(二十一)產業具高污染特性的科學工業園區，其廠區相關資訊、污染源與潛在的污染物，應予以全面性的調查，並將資訊完整揭露，建立全台科學園區毒性物質資料庫。而資料建置方式，國外已有很好的例子，例如美國TRI（Toxic Release Inventory）所建置的毒物地圖（http：//www.chemicalright2know.org/），即是將美國工業廠區污染毒物排放之資訊，運用空間系統揭露，使民眾可以清楚知道廠區之位址、該廠潛在污染物之種類。爰此，建請科學工業園區管理局作業基金應針對全台各科學園區內，所有廠區的位址、潛在污染物、污管排放位址，進行全面調查，製成毒物地圖網站，並依據資訊公開法完整揭露，以保障人民環境權、以及知的權利。【經在場委員61人，贊成者58人，反對者3人，多數通過；並採記名表決方式，表決結果名單附後(124)】
124,"(二十)中部科學工業園區二林園區「固定資產建設改良擴充」，原列2,332,000,000元，建議凍結全數。【經在場委員54人，贊成者7人，反對者47人，少數不通過；並採記名表決方式，表決結果名單附後(123)】"
123,"(十九)凍結中部科學工業園區二林園區「勞務成本」原列470萬3,000元之五分之一，俟國科會向立法院教育及文化委員會提出報告後，始得動支。【經在場委員57人，贊成者52人，反對者3人，多數通過；並採記名表決方式，表決結果名單附後(122)】"
122,(十七)鑑於國內景氣低迷，失業人口攀升等問題，導致部分家庭因經濟困難，影響學生就學，教育部為對於新貧、近貧或家庭發生急難之學生給予生活補助，於振興經濟擴大公共建設特別預算「就學安全網計畫」項下編列緊急紓困助學金。教育部雖有規劃緊急扶助學生之措施，惟因助學金之申請補助程序較為繁瑣，且補助國民中小學學生部分尚需透過地方政府，行政程序冗長，恐有損政府照顧弱勢學生之美意。又教育部學產基金原對於家庭遭遇困境之學生早已建置迅速之申請及補助機制且為各界所知。爰教育部於振興經濟擴大公共建設特別預算「就學安全網計畫」項下編列之緊急紓困金經費，應透過教育部學產基金之申請與補助機制執行，以補助各級學校之學生（國民中小學部分毋須透過地方政府申請），俾加速緊急紓困金之撥付，確實達成有效協助學生安心就學之目標。【經在場委員61人，贊成者59人，反對者2人，多數通過；並採記名表決方式，表決結果名單附後(121)】
121,"(十三)有關本院教育及文化委員會審查國立陽明大學附設醫院作業基金99年度預算案，決議「凍結國立陽明大學附設醫院作業基金『國庫增撥基金額』中『蘭陽院區興建工程經費』5,350萬元，俟教育部向立法院教育及文化委員會提出專案報告，經同意後始得動支。」一案，因建院土地已獲同意使用權，動工在即，為滿足蘭陽鄉親期盼，加速落實建院計畫，俾提昇宜蘭縣醫護服務品質水準，照顧蘭陽鄉親之健康，建議凍結50%，並在總經費20億元內建置一般急性病床400床及加護病床40床，俟教育部提出詳細之檢討報告送到本院教育及文化委員會後，即予解凍；另蘭陽院區興建完成後，新民院區即行關閉，土地歸還政府。【第十一案至第十三案經在場委員59人，贊成者56人，反對者3人，多數通過；並採記名表決方式，表決結果名單附後(120)】"
120,(八)鑑於多數校務基金於編列公共關係費時違反編列原則，顯有不當，為撙節政府支出，爰建議各校務基金減列公共關係費20%。【經在場委員63人，贊成者3人，反對者60人，少數不通過；並採記名表決方式，表決結果名單附後(119)】
119,(七)有鑑於國立大學校院校務基金之設置宗旨，係期待國立大學未來於經費使用上更具彈性、多元化及自主性，並提高自籌經費減少國庫負擔，惟近年來教育部對各大學校院校務基金之補助經費未見減少。為督促教育部及各大學校院檢討改進，爰建議凍結各大學校院校務基金「其他業務收入」項下「學校教學研究補助收入」及「其他補助收入」之預算20%。【經在場委員59人，贊成者3人，反對者56人，少數不通過；並採記名表決方式，表決結果名單附後(118)】
118,"(六)有鑑於各校教學用房舍或工廠之改建工程執行進度呈現嚴重落後情形，有礙各校教學活動，教育部應予嚴格督促，爰針對「固定資產建設改良擴充」預算57億9,778萬8,000元，建議凍結30%。【經在場委員60人，贊成者3人，反對者57人，少數不通過；並採記名表決方式，表決結果名單附後(117)】"
117,"(五)政府積極推動全民節能減碳運動，但教育部社教機構相關節能減碳經費卻不減反增，與政府政策背道而馳。爰建議99年度相關節能減碳預算7億9,045萬4,000元減列20%，以督促教育部所屬社教機構帶頭遵行節能節源政策，邁向零碳社會。【經在場委員59人，贊成者2人，反對者57人，少數不通過；並採記名表決方式，表決結果名單附後(116)】"
116,"(三)「基金用途」之「一般行政管理計畫」原列5,844萬元，建議減列1,000萬元。【經在場委員57人，贊成者3人，反對者54人，少數不通過；並採記名表決方式，表決結果名單附後(115)】"
115,"(二)「基金用途」之「推動整體科技發展計畫」原列305億2,042萬6,000元，建議凍結四分之一。【經在場委員60人，贊成者3人，反對者57人，少數不通過；並採記名表決方式，表決結果名單附後(114)】"
114,(十二)依據金融監督管理委員會組織法第33條規定：「本會及所屬機關因業務需要，得依聘用人員聘用條例之規定，聘用對衍生性金融商品、資產證券化、投資銀行、融資性租賃、期貨、精算及資訊科技等有專門研究之資深人員六十人至一百人。」，故金管會及所屬機關聘用人員為編制內人員，其人事費應屬法定支出；且依同法第7條規定有關金融監督管理基金之用途，並不包含金管會及所屬機關人員之薪資，故金管會及所屬員額及用人費，均應編列於公務預算中。惟99年度金管會及所屬僅將職員249人之人事費回歸公務預算編列，聘用人員60人之用人費仍編列於金融監督管理基金中，此與金融監督管理委員會組織法等相關規定不符，爰要求自100年度起該等聘用人員人事支出應編列於公務預算。【經在場委員61人，贊成者3人，反對者57人，少數不通過；並採記名表決方式，表決結果名單附後(113)】
113,"(十一)金融監督管理基金99年度「基金用途」項下「一般行政管理計畫」中「用人費用」之「其他津貼」編列8,830萬8,000元，用於發放金管會及所屬人員特別津貼，而金管會發放「特別津貼」之原因在於「平衡政府與民間企業之待遇」、「中央銀行及存保公司行人員轉任後薪資大幅減少」等等。惟根據行政院主計處金融及保險業受雇員工薪資調查，96年金融及保險業受雇員工平均每月薪資為7.57萬元，97年為7.13萬元，98年更僅有6.75萬元，而99年度金管會及所屬預算員額中，領有特別津貼之人數為723人，其用人費共計8億3,041萬7,000元，平均每人每月用人費約為9.57萬元，已超過民間金融保險從業人員待遇水準甚多；此外，由中央銀行及存保公司行人員借調人員於96年2月後已全數歸建，故「特別津貼」已無存在之必要，99年度金融監督管理基金「基金用途」項下「一般行政管理計畫」之「用人費用—津貼—其他津貼」共計8,830萬8,000元，應予全數刪除，以後年度並不得再編列。【經在場委員59人，贊成者3人，反對者56人，少數不通過；並採記名表決方式，表決結果名單附後(112)】"
112,"(十)99年度中央政府債務基金，編列「債務還本支出」5,967億元，包括舉借債務5,307億元及總預算撥入還本數660億元，而其中以舉新還舊展延到期債務之金額高達4,787億元，比例較98年為高，不僅有違本院97年審查該基金預算時通過決議：「……應逐年調降以舉新還舊方式展延到期債務之比例……」，且有更形惡化之趨勢。中央政府雖依公債法第10條規定，每年以當年度稅課收入至少5%編列還本數，惟每年均編列幾乎同額之還本數，顯無法支應日益攀升之債務。為改善政府債務惡化之情形，爰要求除應依公債法規定編列還本款項外，每年度債務還本數應較上1年度成長至少10%。【經在場委員62人，贊成者3人，反對者59人，少數不通過；並採記名表決方式，表決結果名單附後(111)】"
111,"(六)國有財產開發基金為99年度新設立之基金，根據財政部98年5月「國有財產開發基金設立計畫書」所示，該基金將透過招標設定地上權提供民間開發、參與都市更新辦理開發、結合目的事業主管機關合作開發、釋出土地權利與民間合作開發等方式，推動國有土地開發，並預期可達到「增加商機」、「創造就業機會」、「培養稅源」、「活絡經濟」之效益。然該基金之業務均為目前國有財產局之職能，設立該基金運作國有財產局既有之業務，雖美其名為靈活、彈性運用，實則為逃避國會監督；且其預期效益多為籠統之詞，欠缺具體數據，該基金預算所列固定資產高達44億5,201萬元，但卻相關成本效益等資訊之揭露，顯與預算法第三十四條：「重要公共工程建設及重大施政計畫，應先行製作選擇方案及替代方案之成本效益分析報告，並提供財源籌措及資金運用之說明，始得編列概算及預算案，並送立法院備查。」規定有違。爰凍結該基金之支出五分之一，俟針對「國有財產開發基金」設立之必要性與效益向立法院財政委員會報告，並依預算法規定將固定資產投資計畫之成本效益評估等送立法院，經同意後始得動支。【經在場委員62人，贊成者59人，反對者3人，多數通過；並採記名表決方式，表決結果名單附後(110)】"
110,"(一)99年度行政院公營事業民營化基金「基金來源」項下「政府撥入收入」中「政府售股撥入收入」之「台電公司公股釋股收入」226億3,800萬元，因電業法修正草案尚未修正通過，無法據以執行，故台電公司公股釋股收入」226億3,800萬元，應予全數刪除。【經在場委員63人，贊成者3人，反對者60人，少數不通過；並採記名表決方式，表決結果名單附後(109)】"
109,(四十一)99年度中央政府附屬單位預算案針對審查會通過蘇委員震清等提案：「農業特別收入基金……有預算編列不足，超支併決算之情形，……爰要求非營業特種基金除依預算法規定辦理外，任何支出不得併決算辦理。」乙案，建請文字修正為：「爰要求非營業特種基金應依預算法規定辦理」。【經在場委員62人，贊成者59人，反對者3人，多數通過；並採記名表決方式，表決結果名單附後（108)】
108,(四十)農業特別收入基金減列「林務發展及造林基金」項下「解繳國庫計畫」5億元。【經在場委員62人，贊成者59人，反對者3人，多數通過；並採記名表決方式，表決結果名單附後（107)】
107,"(三十三)查核能發電後端營運基金99年度編列「用人費用」608萬4,000元，包括基金管理會委員報酬39萬6,000元、聘僱及兼職人員薪資103萬2,000元、超時工作報酬465萬6,000元，其兼職人員均由台電公司現職人員兼任之；查大法官釋字第485號「平等原則並非指絕對、機械之形式上平等」，以及軍公教人員兼職費及講座鐘點費支給規定「…執行共同業務而設在上級或他機關（構）學校之任務編組職務者，不得支給。」等規定意旨，台電公司人員兼辦核後端營運事務，實質上形同執行該公司與上級機關（經濟部）之任務編組職務，且此等因形式上主管機關變更，相關兼辦業務人員支領兼職費，有違經濟實質重於法律形式之公平正義原則，爰針對「用人費用」項下除管理會委員報酬外之兼任人員相關用人費用，予以減列568萬8,000元，以維法制。【經在場委員60人，贊成者3人，反對者57人，少數不通過；並採記名表決方式，表決結果名單附後(106)】"
106,"(二十二)99年度「專業服務費」項下編列委託財團法人資訊工業策進會辦理「第二階段APEC數位機會中心（ADOC 2.0）」之經費計1,500萬元。經查：「第二階段APEC數位機會中心（ADOC 2.0）」案係援外計畫，所需經費原由外交部、國貿局以公務預算分擔，惟自95年度起移由推廣貿易基金支應，且幾已成為該基金經常性費用，不符該基金專款專用於「拓展貿易，因應貿易情勢，支援貿易活動」之用途，計畫經費宜予刪除，俾符法制。爰提案予以全數刪除。【經在場委員60人，贊成者3人，反對者57人，少數不通過；並採記名表決方式，表決結果名單附後(105)】"
105,(二十一)推廣貿易基金99年度「貿易推廣工作計畫」項下「服務費用」之「專業服務費」編有委託辦理「台灣優勢產業及國際品牌新興市場推展工作」經費3億元。經查，該計畫係為配合行政院提振對外貿易之整體策略而新增工作計畫，刻正辦理規劃作業中，尚未完成應有之行政核定程序，即先匡列預算經費，顯已違反預算法之規定，恐有為編列而編列、浪費國家資源之情形。爰提案予以刪減1億元。【經在場委員64人，贊成者3人，反對者61人，少數不通過；並採記名表決方式，表決結果名單附後(104)】
104,"(二十)推廣貿易基金99年度預算「貿易推廣工作計畫」項下編有「新鄭和計畫」相關經費，截至98年6月止，以開發新興市場為主之「鯨貿計畫」實際達成之商機為12.19億美元，較預期之52.06億美元，達成率僅為23.42%，顯為偏低，亦為「新鄭和計畫」執行成效最差者，足見未盡力輔導廠商開發新興國家市場。鑑於日益依賴中國之貿易發展現況，開發新興市場有其必要性，惟該部分卻未於99年度續編相關經費繼續加強推動；且相較於「強力拓展大陸市場計畫」，績效達成率高達128.45%，開發新興市場更需政府之積極協助。為避免對外市場過度集中傾斜，增加市場風險，99年度新鄭和計畫中辦理「強力拓展大陸市場計畫」編列2億8,000萬元，建議凍結二分之一，俟向立法院經濟委員會提出專案報告，經同意後，始得動支。【經在場委員64人，贊成者3人，反對者61人，少數不通過；並採記名表決方式，表決結果名單附後(103)】"
103,"(十九)推廣貿易基金99年度預算「貿易推廣工作計畫」項下編有「新鄭和計畫」相關經費，計6億1,400萬元，該項計畫執行期程為97年9月至101年底止，總經費為85.32億元，包括：三保計畫（加強出口融資及輸出保險優惠）；逐陸計畫（強力拓展大陸市場）；鯨貿計畫（強力拓展新興市場）；搶單計畫（擴大外商對台採購）；GPA專案（爭取全球政府採購商機案）等五項計畫。經查，西元1405年以來鄭和七下西洋，是在開拓東南亞乃至印度、非洲的貿易，國貿局新鄭和計畫執行至98年度上半年成效顯示，開發新興市場為主之「鯨貿計畫」實際達成之商機為12.19億美元，較預期之52.06億美元，達成率僅為23.42%，為「新鄭和計畫」執行成效最差者；但強力拓展大陸市場之「逐陸計畫」及以擴大外商對台採購之「搶單計畫」，均因高度倚重中國市場之開發，恐不利我國際貿易之健全、平衡發展。爰凍結此項預算，待調整結構並向立法院經濟委員會提出報告後，始得動支。【經在場委員57人，贊成者3人，反對者54人，少數不通過；並採記名表決方式，表決結果名單附後(102)】"
102,"(十七)推廣貿易基金99年度預算「貿易推廣工作計畫」項下編有「專業服務費」之「其他」33億4,009萬8,000元，及「捐助、補助與獎助」12億0,352萬8,000元，分別委託辦理19項專案計畫與19項捐（補）助政府機關、私校及團體之經費。經查：其中「新鄭和計畫」、「品牌台灣發展計畫」、「汽機車及零組件業供應鏈體系外銷拓展計畫」、「輔導紡織業專業貿易商計畫」、「台灣會展躍升計畫」、「台灣優勢產業及國際品牌新興市場推展工作」、「工具機及機械零組件產業出口拓銷輔導計畫」等七項，為國際貿易局99年度施政目標與重點計畫，編列經費計16億3,230萬餘元之預算經費，顯然經濟部國貿局將99年度施政計畫之公務歲出經費，絕大多數移編至推廣貿易分基金項下，違反預算法，有規避國會監督之嫌，爰提案予以凍結二分之一，並向立法院經濟委員會提出報告。【經在場委員63人，贊成者3人，反對者60人，少數不通過；並採記名表決方式，表決結果名單附後(101)】"
101,"(十六)查經濟特別收入基金—推廣貿易基金，該基金用途項目未獲法律明確授權，逕以命令訂定其用途，顯違司法院大法官會議相關解釋（釋字第426號、釋字第479號、釋字第480號），且該推廣貿易分基金於99年度之「貿易推廣工作計畫」（99年度編列46億7,751萬3,000元、98年度預算35億9,939萬9,000元），該計畫下編列多項業務計畫與獎補助費用，其中逾16億餘元之預算經費，屬國際貿易局99年度施政目標計畫，顯違預算法有關規定；此外，依據經濟部施部長提供予立法院經濟委員會資料顯示（ECFA相關經費調查表，頁2-3），在未編列預算科目及工作計畫下，該基金於98年度流用支應ECFA廣告宣導費高達3,835萬元，其中2,000萬元以調整預算支應，另外1,835萬元更將欲以「併決算」方式辦理，同時，該調查表顯示99年度預算中編列之相關廣告宣傳費770萬元，但「預計勻用其他預算支用數」明列為「未確定」；基上，該基金用途項目尚無法律明確授權，故基金用途之支出，於法無據，此外，於該基金99年度期末基金餘額高達161億餘元，倘若放任經濟部逕行以「併決算」、「勻用其他預算支用數」等方式，則國會監督機制將蕩然無存，爰針對「貿易推廣工作計畫」，提請(1)維持上（98）年度預算數，99年度較上年度預算增加10億7,811萬4,000元部分予以減列；(2)99年度預算經立法院審議通過後，不得有再自行調整、勻支，或以併決算等情事；(3)於基金用途未取得法律明訂或法律授權明定其基金用途前，該計畫預算予以凍結二分之一。【經在場委員58人，贊成者3人，反對者55人，少數不通過；並採記名表決方式，表決結果名單附後(100)】"
100,"(十三)查水資源作業基金99年度編列「徵收收入」12億0,150萬元，包括依據自來水法之「保育與回饋收入」12億元，及依據溫泉法之「溫泉取用費提撥收入」150萬元。然依預算法第4條規定特種基金之種類，其中「凡經付出仍可收回，而非用於營業者，為作業基金」、「有特定收入來源而供特殊用途者，為特別收入基金」，準此，作業基金與特別收入基金之定義並不相同；且依自來水法第十二條之二及溫泉法第十一條規定，水源保育與回饋費及溫泉取用費均為依法徵收、應專款專用者，符合預算法第4條關於「有特定收入來源而供特殊用途」之定義，性質應屬特別收入基金。經濟部現將屬特別收入基金性質之水源保育與回饋費及溫泉取用費，納入屬作業基金性質之水資源作業基金編列預算，不僅不符預算法規定，且恐有混淆基金目的與用途之虞。爰要求水源保育與回饋費及溫泉事業發展基金，應改列特別收入基金，俾符法律規定。【經在場委員63人，贊成者3人，反對者60人，少數不通過；並採記名表決方式，表決結果名單附後(99)】"
99,"(十一)99年度中央政府附屬單位預算案針對審查會通過林委員滄敏等提案：「水資源作業基金99年度預算編列營運項目，疏濬及清淤經費15億3,665萬8,000元，……應予凍結三分之一，俟水利署依縣市別、執行金額與執行成效等分項條列，向立法院經濟委員會提出報告後，始得動支。」乙案，建請免予凍結。【經在場委員63人，贊成者60人，反對者3人，多數通過；並採記名表決方式，表決結果名單附後(98)】"
98,「有鑒於加工出口區內廠商營業額與去年相較，仍大幅滑落，再加上經濟景氣尚未完全復甦，為協助廠商減輕營運成本，吸引廠商進駐加工出口區，讓國內廠商根留台灣，加工出口區內廠商管理費之徵收，99年度1-6月管理費減徵25%。」【經在場委員60人，贊成者57人，反對者3人，多數通過；並採記名表決方式，表決結果名單附後(97)】
97,(七)針對行政院國家發展基金現行於該基金項下設有二分基金（中美基金、開發基金），惟查前開二分基金原為獨立之個體各自訂有收支保管及運用辦法規範基金用途，國家發展基金併入兩基金後，逕自擴大資金運用範圍，顯已悖離分基金原運用範疇，且經本院預算中心指出有如下缺失：「母基金擴大分基金之原有基金用途，已偏離基金原訂支用範圍，顯見行政院將中美基金及開發基金合併成立國發基金，係為掩人耳目以靈活運用兩基金之資金，彌補經建會歲出計畫之不足。」；另查，本院甫制定之產業創新條例，已賦予國家發展基金之法源依據，爰要求國家發展基金自100年度起不得再設有分基金，以維預算法制。【經在場委員60人，贊成者3人，反對者57人，少數不通過；並採記名表決方式，表決結果名單附後(96)】
96,(六)關於本院第7屆第4會期分組審查行政院國家發展基金99年度預算案，通過蕭景田等委員決議：「開發基金99年度依基金設立宗旨及配合政府政策編列投資預算330億元……。爰要求行政院應於三個月內檢討開發基金投資民營事業管理規範，並按季將投資情形及投資事業會計報表送立法院經濟委員會。」一案，鑑於國發基金目前轉投資之事業非全屬公開發行公司，按季公布所有轉投資事業之會計報表實有執行上之困難，建請酌修文字內容為「建議國發基金再行檢討相關投資規範，並向本院經濟委員會提出每月財務報表及投資報告」。【經在場委員63人，贊成者60人，反對者3人，多數通過；並採記名表決方式，表決結果名單附後(95)】
95,"(五)99年度中央政府附屬單位預算案針對審查會通過潘委員孟安等提案：「國發基金於98年2月17日將所轄開發基金持有兆豐金控……。行政院應立刻收回質押股票，追究責任，於1個月內將長期債務1,000億元借款案移送監察院調查，並向立法院經濟委員會提出專案報告。」乙案，建請刪除本項決議。【經在場委員62人，贊成者59人，反對者3人，多數通過；並採記名表決方式，表決結果名單附後(94)】"
94,"(四)基金收支保管及運用辦法第5條第1項第2款第4目規定，投資規模之金額不得超過本基金淨值之5%，因國發基金運用策略性投資計畫要點係依該基金收支保管及運用辦法訂定之，按法令位階而言，該要點自應受到收支保管及運用辦法之約束，故投資規模亦應受上開比例不得超過本基金淨值5%之限制。國發基金99年度基金淨額1,947億餘元，其5%為97億餘元，惟其投資金額至98年度為止，為1,110億餘元，99年度更新增330億元，99年度已超出法定金額13倍之多，投資無限擴張，失控不受約束，經濟建設委員會應先行提供書面資料，並儘速向立法院經濟委員會提出專案檢討報告。【經在場委員62人，贊成者59人，反對者3人，多數通過；並採記名表決方式，表決結果名單附後(93)】"
93,"(二)99年度中央政府附屬單位預算案針對審查會保留潘委員孟安等提案：「行政院國家發展基金98年度辦理補辦預算……建議98年度行政院國家發展基金向台灣銀行舉借長期債務1,000億元之補辦預算全數不予同意。」乙案，建請文字修正為：「建議98年度行政院國家發展基金向台灣銀行舉借長期債務補辦預算額度調降為200億元。」。【經在場委員60人，贊成者57人，反對者3人，多數通過；並採記名表決方式，表決結果名單附後(92)】"
92,"(一)查國家發展基金—開發基金—「各項投資」，99年度新增編列策略性投資200億元，惟於預算書中卻僅以「另為配合97年10月23日第3115次行政院會議『擴充國發基金功能及規模』，於98年度向台銀舉借長期借款1,000億元，並於99年度動撥200億元，進行策略性投資。」等字即編列此新增預算200億元，卻未有相關效益分析及風險管控等說明，倘有人謀不臧或官商勾結情事，則國家將遭受重大損失；爰針對99年度新增策略性投資200億元，予以刪除180億元，其餘20億元凍結，俟就其策略投資事項向立法院經濟委員會提出投資計畫及風險評估及效益分析之報告，並經同意後始得動支，以替百姓看緊荷包，善盡國會監督之責。【經在場委員62人，贊成者3人，反對者59人，少數不通過；並採記名表決方式，表決結果名單附後(91)】"
91,"為確實發揮績效獎金之鼓勵作用，並合理發放績效獎金，擬凍結4,881,491,000元之1/4款項，俟行政院國軍退除役官兵輔導委員會重新檢討榮民醫院核發獎金之標準與要點，並至外交及國防委員會報告，經同意後，始得動支。【經在場委員61人，贊成者3人，反對者58人，少數不通過；並採記名表決方式，表決結果名單附後（90）】"
90,我國電費、電話費均可將基本費（度）抵用使用費，故要求「國軍退除役官兵安置基金」轉投資之16家天然氣公司，重新調整計費模式，用戶每月實際使用天然氣從量費若高於基本費時，基本費應不予計收。【經在場委員60人，贊成者3人，反對者57人，少數不通過；並採記名表決方式，表決結果名單附後（89）】
89,"故原審查會通過決議減列「博愛專案計畫」2億8,431萬元建請改為先行凍結99年度博愛分案預算284,310,000元，待國防部軍備局工程營產中心與機電承商就「趕工計畫、工程計價付款方式、與變更設計」等協議至外交及國防委員會專報並經同意後始得動支。【經在場委員61人，贊成者58人，反對者3人，多數通過；並採記名表決方式，表決結果名單附後(88)】"
88,(五)99年度中央政府附屬單位預算案有關中國國民黨立法院黨團周委員守訓等提案：「鑑於國防部辦理對外採購軍品結匯作業時，歷來並無外匯避險機制，以致多年來國家蒙受鉅額損失，立法院98年度審查總預算時，曾決議建請國防部將『軍購外匯管理作業納入特種基金辦理』，爾後主計局至今僅召開一次會議，且結論為『目前不具承辦能力』，但此乃是銀行界均悉之『外匯信託基金管理』業務，亦未見其培育外匯管理專業人才之計畫或行動；故特決議由國防部副部長召集主計局局長與軍備局局長等相關人士成立專案小組，每月開會管考，且於99年12月31日之前頒布國防部令，並向立法院外交及國防委員會報告『軍購外匯納入特種基金管理之規劃與期程』，經同意後始得編列民國100年度軍購外匯特種基金預算。」乙案，經國防部向提案委員說明，爰建請修正為：「鑒於國防部辦理對外採購軍品結匯作業缺乏匯率風險規避之機制，外購案孳息款及結案餘款又均依規定報繳國庫，徒增預算支出；又或因匯率變動造成不利匯差，產生『預算排擠』不利因素，影響重要武器軍品獲得及建軍備戰任務至鉅，為精進軍購外匯管理，特建請國防部於100年度委託國防大學管理學院（或其他學術機構），針對『國軍外購案外匯管理規劃成立基金之可行性研究』，進行委託研究計畫，以精進國防施政。」【經在場委員60人，贊成者57人，反對者3人，多數通過；並採記名表決方式，表決結果名單附件（87)】
87,"(四)99年中央政府總預算附屬單位預算有關本院委員周守訓等3人所提：「鑒於國防部軍醫局……。故先行凍結該基金醫療事業99年度「其他業務費用」項下「會費、捐助、補助、分攤與交流活動費」之「捐助、補助與獎助」預算2億0,658萬元，待研妥改進方案，經提案委員同意後始得動支」乙案，建議刪除。【經在場委員63人，贊成者60人，反對者3人，多數通過；並採記名表決方式，表決結果名單附件（86)】"
86,"(十一)行政院違反本院決議未將中華發展基金納入陸委會公務預算，嚴重藐視國會，行政院長吳敦義及大陸委員會主任委員賴幸媛過去擔任立法委員時，均認為本基金實無存在必要，於表決時贊成全數刪除本基金，故基金用途6,118萬6,000元，應予全數減列。【經在場委員61人，贊成者3人，反對者58人，少數不通過；並採記名表決方式，表決結果名單附後(85)】"
85,"(十)研發替代役基金99年度基金來源－徵收收入編列「替代役研究發展收入」8億7,530萬6,000元，較98年度預算數9億1,190萬2,000元，減少3,659萬6,000元，主要係調降用人單位繳納替代役研究發展費所致。經查該基金已三次調降研究發展費標準，現為碩士每月30,100元，博士每月35,010元。98年政府推動「大專畢業生至企業職場實習方案」(22K方案)，補助企業以二萬二千餘元僱用大專畢業生，造成大專畢業生起薪大幅降低，依據主計處調查指出受僱者平均薪資水準不增反減，政府不應再以各項政策帶頭打壓受薪者薪資水準，為企業降低用人成本圖利雇主而創造薪貧階級，且主計處預估99年全年經濟成長率達4.92，研發替代役為碩、博士等高階研發人才，更應提高用人單位繳交替代役研究發展費標準，特予增列5,000萬元。【經在場委員58人，贊成者3人，反對者55人，少數不通過；並採記名表決方式，表決結果名單附後(84)】"
84,"(九)99年度住宅基金－業務外收入，其中長期貸款予眷改基金之利息收入，原編7,350萬元，增列5,150萬元，改列為1億2,500萬元。【經在場委員62人，贊成者3人，反對者59人，少數不通過；並採記名表決方式，表決結果名單附後(83)】"
83,"(八)99年度原住民族就業基金編列3億1,700萬元的公益彩券回饋金預算，預計將媒合700人就業，惟查：97年度公益彩券回饋金核定計畫如：發展原鄉合作事業與特色部落促進原住民在地就業計畫及原住民地區幼托服務暨保母訓練與輔導計畫之預算合計：2億4,263萬元，預算執行率分別為5%、7%，且97年度原估計提供571人就業，執行結果卻只有提供194人的就業機會，就業執行率33%，因此，本項經費應全數凍結，俟相關核定計畫內容項目送交立法院並向內政委員會報告及說明後，始得動支。【經在場委員60人，贊成者3人，反對者57人，少數不通過；並採記名表決方式，表決結果名單附後(82)】"
82,(七)中華發展基金99年度「基金用途」項下「兩岸交流宣導計畫」編列「服務費用－印刷裝訂與廣告費」182萬元，用途為委託媒體製播電台節目、宣導短片或廣告，以宣導兩岸交流政策及事項，凝聚台灣民眾共識，營造更為有利的交流環境。經查中華發展基金於98年縣市長及立委補選中，大量託播廣告，99年底適逢五都選舉，為避免執政者濫用政府資源行助選之實，且大陸委員會公務預算已編列各項宣導費用近億元，中華發展基金復編列相關預算，明顯重複編列，建議「兩岸交流宣導計畫」182萬元，全數減列，該基金用途不得再列入「宣導計畫」。【經在場委員51人，贊成者3人，反對者48人，少數不通過；並採記名表決方式，表決結果名單附後(81)】
81,"(六)經查中華發展基金98年度決算書，「基金用途」部分已增列98.04.14奉准先行辦理之「凝聚共識推動交流宣導計畫」2,028萬元，且已支用2,024萬4,509元，作為「印刷裝訂與廣告費」使用。惟99年度預算書第15頁「上年度預算數」卻刻意隱匿該計畫，該計畫並非中華發展基金經常性業務範圍需要，違反預算法第88條規定，行政院自行核定得作為宣導計畫使用，將中華發展基金違法視為小金庫，且規避本院監督，應予嚴厲譴責。又行政院違反本院決議未將中華發展基金納入陸委會公務預算，嚴重藐視國會，故基金用途6,118萬6,000元，應減列二分之一，其餘二分之一俟行政院大陸委員會向立法院相關委員會報告中華發展基金支用明細資料，並就其存續必要提出報告，經同意後始得動支。【經在場委員63人，贊成者3人，反對者60人，少數不通過；並採記名表決方式，表決結果名單附後(80)】"
80,"(五)中央都市更新基金99年度預算不動產投資編列7億8,645萬6,000元，包含中山女中南側都市更新案土地，國庫資產作價以核定當期公告地價計算撥入基金財產5億8,645萬6,000元，以及辦理都市更新相關費用2億元，其中「辦理都市更新相關費用2億元」之執行計畫、各計畫之金額及細項費用明細等均付之闕如，與預算法先擬訂計畫後方編列預算之程序不符，規避監督核屬未妥，且依內政部98年10月至本院內政委員會提出之書面報告指出，本基金迄至98年10月止，長期投資3億9,000萬元之動支數為零，99年度實無再編列2億元之必要，特提案將「長期投資」項下「不動產投資」中「辦理都市更新相關費用2億元」全數減列，另國庫資產作價撥入基金財產5億8,645萬6,000元全數凍結，俟內政部向立法院相關委員會檢具各都市更新案績效評估、報酬率、預算實際支用及辦理進度等詳細資料並經同意後始得動支。【經在場委員61人，贊成者3人，反對者58人，少數不通過；並採記名表決方式，表決結果名單附後(79)】"
79,(一)內政部營建署應於五年內達成建置住宅市場十分之一社會住宅之政策目標，並保留二分之一社會住宅專供出租使用。【經在場委員65人，贊成者3人，反對者62人，少數不通過；並採記名表決方式，表決結果名單附後(78)】
78,(十七)99年度中央政府附屬單位預算案有關民主進步黨立法院黨團葉委員宜津等提案：「……其公司名建請更正為『臺灣國際機場園區股份有限公司』附屬單位預算。」乙案，建請提案文字修正為：「……公司名則建請以桃園國際機場股份有限公司為之……，應更正為『桃園國際機場股份有限公司』附屬單位預算」。【經在場委員65人，贊成者62人，反對者3人，多數通過；並採記名表決方式，表決結果名單附後(77)】
77,(十六)99年度中央政府附屬單位預算案有關民主進步黨立法院黨團葉委員宜津等提案：「…，其公司名建請更正為『桃園國際機場園區股份有限公司』附屬單位預算。」乙案，建請提案文字修正為：「…公司名亦建請以桃園國際機場股份有限公司為之，…應更正為『桃園國際機場股份有限公司』附屬單位預算」。【經在場委員63人，贊成者60人，反對者3人，多數通過；並採記名表決方式，表決結果名單附後(76)】
76,"(十四)針對高雄港務局近年進行港區土地劃分與土地地籍整理工作，與旗津地區居民產生諸多土地與地上物所有權認定爭議，導致該區發生數起政府控告人民侵佔之官司，讓人民不堪其擾。旗津地區為高雄最早開發之地，居民多世居該地且多從事漁業捕撈等相關工作，對於居住土地與房屋所有權等登記程序或文書資料保留等相關知識較之不足，也不知該如何正確主張自己權利，而政府部門挾其龐大行政資源之優勢輒以官司訴訟方式解決爭端，在這種資訊、資源明顯不對等的情況下，民眾對政府的告訴官司只能徒呼負負、莫可奈何! 港務局身為人民公僕，對人民的財產與生活應儘量予維護，而不應在爭議未釐清時推諉塞責、動輒對人民提出訴訟。建議凍結高雄港務局「公共關係費」3,631,000元、「專業服務費」10,000,000元，俟其提出處理此類與民眾發生土地或地上權爭議時之標準處理流程報告後，再予以解凍。是否有當，請公決案。【經在場委員65人，贊成者3人，反對者62人，少數不通過；並採記名表決方式，表決結果名單附後(75)】"
75,(十三)交通部主管交通部基隆港務局、台中港務局、高雄港務局與花蓮港務局等附屬單位均編列『敦親睦鄰費』，惟比較各港務局99年度營業收入與該筆費用編列情況，顯示其預算編列並無標準，等同於該單位的私房錢，且亦未照政府資訊公開法公開其捐助明細，是以各港務局的『敦親睦鄰費』應全數凍結，向立法院交通委員會報告後始得動支。【經在場委員64人，贊成者3人，反對者61人，少數不通過；並採記名表決方式，表決結果名單附後(74)】
74,"(十二)臺灣鐵路管理局99年度就「旅運費」編列5,808萬7,000元，雖較上年度（98）略微減少，但卻較97年度實際執行數增加12.6%，顯見本次預算編列仍過於寬鬆。另查台鐵局每年均編列至國外考察費用，然而，我國無論在月台設計、標示，甚至電子票證政策上，仍與先進國家有極大落差，其出國考察績效有待檢討。綜上，上述預算應予刪減15%。【經在場委員62人，贊成者3人，反對者59人，少數不通過；並採記名表決方式，表決結果名單附後(73)】"
73,"(十一)查台鐵局訂有「臺灣鐵路管理局從業人員及眷屬優待乘車購票要點」，員工購票乘車優惠對象除員工本人外，尚包含其父母、配偶、未成年子女。相較於高鐵公司、捷運公司，其員工購票乘車優惠辦理過於寬鬆，等同於變相福利津貼，該合法性與合理性有待商榷，爰此，臺灣鐵路管理局99年度之『福利費』9億6,614萬元，應予刪減5,000萬元。【經在場委員59人，贊成者3人，反對者56人，少數不通過；並採記名表決方式，表決結果名單附後(72)】"
72,"(十)臺灣鐵路管理局99年度就「其他營業收入—營業資產租金收入」編列25億3,948萬1,000元，較上年度減少2億2,085萬9,000元，減少8憛C經查，該「營業資產租金收入」主要來源為將房地產、車站出租所得之租金收入、車廂廣告收入與餐旅服務收入。而根據資料顯示，因捷運化通勤旅客增加其客運量有逐年回升之趨勢，是以，上述租金收入仍有拓展空間。故為督促台鐵局應積極辦理招租、活化資源使用，該租金收入應予增列10憛C【經在場委員63人，贊成者3人，反對者60人，少數不通過；並採記名表決方式，表決結果名單附後(71)】"
71,"(九)按國營事業職工福利金之提撥，依據「職工福利金條例」規定，係每月按營業收入總額之0.05%∼0.15%間予以提撥。而相較於其他國營事業，臺灣鐵路管理局近年來營業仍處虧損狀況，但卻以上限標準0.15%提撥福利金，致使其福利金之發放與實際經營績效兩者顯不相當，不符績效管理精神。綜上，參酌目前該局財務與實際營運情況，其99年度福利金預算4,218萬2,000元，應以營業收入總額0.05%提撥，是以，前述預算爰予凍結五分之一，並俟鐵路管理局修改相關規定章程，將提撥比率改為0.12%送行政院勞工委員會，並向立法院交通委員會報告後，始得動支。【經在場委員62人，贊成者3人，反對者59人，少數不通過；並採記名表決方式，表決結果名單附後(70)】"
70,"(八)中華郵政公司99年度關於「營業資產租金收入」編列8,600萬元，係出租基地台、廣告看板、場地及其他營業資產等租金收入。相較於全台郵局據點將近500處，該項租金收入似嫌保守，且截至目前（98年9月底）該項收入累計執行數已達8,726萬2,000元，早超過上述預算金額，是以該項收入預算應參酌實際執行情況予以調高而增列3,000萬元。【經在場委員60人，贊成者3人，反對者57人，少數不通過；並採記名表決方式，表決結果名單附後(69)】"
69,"(七)去年（97年）11月第二次江陳會，臺灣與中國簽署直航協議、郵政協議，開辦兩岸直接平常和掛號函件、小包、包裹、快捷郵件等業務，此對中華郵政公司之郵政業務應有助益，惟中華郵政公司99年度郵務收入編列263億8,705萬4,000元，僅較上年度（98）增加1.63憛]約增加4.2億餘元），有低估之嫌，爰此，上述收入預算應予增加10憛C【經在場委員64人，贊成者3人，反對者61人，少數不通過；並採記名表決方式，表決結果名單附後(68)】"
68,(六)鑒於郵政儲金來源主要係廣大民眾儲蓄存款匯集而成，中華郵政公司應盡善良管理人義務，妥善規劃郵政儲金之運用配置。惟近年來郵政資金運用整體營運結果虧損嚴重，然而其投資運用情況未臻公開透明，蓋中華郵政公司金融投資標的未按自行投資及委外經營分別表列，且亦欠缺各項金融商品之項目、金額等具體內容，存戶或外界無法監督，爰此，並參照會計法相關規定，要求中華郵政公司應自民國100年起，詳列金融資產及權益等財務資訊，隨同預算書送立法院審議。【經在場委員63人，贊成者3人，反對者60人，少數不通過；並採記名表決方式，表決結果名單附後(67)】
67,(五)郵政儲金來源係廣大基層民眾自發性小額儲蓄存款，該儲金運用良窳與眾多基層民眾畢生積蓄息息相關，而目前經建會研議規劃將中華郵政資金直接放款給重大公共建設，雖基於郵政儲金匯兌法第十八條第七項規定經交通部、財政部及中央銀行核准得逕自運用郵政儲金，然卻缺乏監督機制。又重大公共建設本質上屬於國家對人民提供公共服務之義務事項，本不以自償性為原則，若郵政儲金放款後發生無法回收的情況時，其影響層面非同小可。綜上，要求郵政儲金依據郵政儲金匯兌法第十八條第七項規定而為運用前，應向立法院報告，經同意後，始得執行。【經在場委員62人，贊成者3人，反對者57人，少數不通過；並採記名表決方式，表決結果名單附後(66)】
66,"(一)中華郵政公司99年度「捐助費用」編列1,161萬1,000元，較上年度（98）增加14.87%，若與97年度決算數比較，更增加42.55%之多。鑒於該公司近三年來收益逐漸衰退，99年度純益數較98年、97年分別衰退26.4%、26.89%，而捐助費用又非業務上必須之費用，理應參酌公司損益狀況，斟酌為之。是以，參酌97年度決算與實際支用情形，99年度「捐助費用」應予減列20%。【經在場委員66人，贊成者3人，反對者62人，少數不通過；並採記名表決方式，表決結果名單附後(65)】"
65,"(二十七)依據職工福利金條例第1條第1項規定：「凡公營、私營之工廠、礦場或其他企業組織，均應提撥職工福利金，辦理職工福利事業。」及第2條規定：「工廠、礦場或其他企業組織提撥職工福利金，依左列之規定：一、創立時就其資本總額提撥1%至5%。二、每月營業收入總額內提撥0.05%至0.15%。三、每月於每個職員工人薪津內各扣0.5%。四、下腳變價時提撥20%至40%。……」臺灣菸酒公司99年度預算職工福利金共編列1億4,533萬8,000元，係按最高上限標準之營業收入0.15%及出售下腳收入40%提撥。惟該公司每年度獲利情形不同，如97年度決算純益77億3,100萬8,000元，98年度預算編列純益65億5,139萬8,000元，99年度純益為73億5,846萬1,000元，但職工福利金之提撥均依最高上限標準之情形，顯未依實際營運情形調整提撥比例。臺灣菸酒公司係由臺灣省菸酒公賣局改制而來，廠房設備及營運規模係奠基於法律保障之專賣制度，且員工已領取最高2.6個月之績效獎金及2個月之考核獎金，職工福利金之提撥實不宜每年度均以法定最高上限標準提撥，爰要求台灣菸酒公司自99年度起應依營運獲利情形之差異，訂定不同之職工福利金提撥標準，並向立法院財政委員會專案報告，經同意後，始得據以執行。【經在場委員65人，贊成者3人，反對者62人，少數不通過；並採記名表決方式，表決結果名單附後(64)】"
64,"(二十六)有關立法院第7屆第4會期財政委員會第17次全體委員會議決議「臺灣菸酒股份有限公司贊助99年11月在大陸廣州舉辦的廣州亞運廣告費2.6億元，至今無法提出詳細報告，爰全數凍結該項費用，俟向立法院財政委員會報告經同意後，始得動支。」，建請文字修正為：「臺灣菸酒股份有限公司99年度『行銷費用—印刷裝訂與廣告費』編列19億3,395萬6,000元，凍結2.6億元，俟向立法院財政委員會報告大陸市場推展計畫後，始得動支。」。【經在場委員64人，贊成者61人，反對者3人，多數通過；並採記名表決方式，表決結果名單附後(63)】"
63,"(二十四)針對台灣菸酒公司其中印刷裝訂與廣告費預算建請刪除「其他營業費用」之「郵電費」150萬元、「印刷裝訂與廣告費」450萬元、「棧儲、包裝、代理及加工費」314萬3,000元。【經在場委員65人，贊成者60人，反對者4人，多數通過；並採記名表決方式，表決結果名單附後
(62-1)】"
62,"(十七)台灣菸酒公司1.營業總收入：原列645億7,025萬3,000元，增列「營業收入—銷貨收入」中啤酒之銷貨收入5億元，其餘均照列，改列為650億7,025萬3,000元。2.營業總支出（不含所得稅費用）：配合「銷貨收入」修正增列「銷貨成本」中啤酒之銷貨成本4億5,000萬元。【經在場委員59人，贊成者56人，反對者3人，多數通過；並採記名表決方式，表決結果名單附後(62)】"
61,(十六)財政部印刷廠主要業務為印製統一發票，其銷售值占主要產品銷售值超過9成，惟近年來，統一發票之銷售值始終維持在6億餘元，無法突破，再加上電子發票已為未來發展之趨勢，統一發票業務勢必更形萎縮。而該廠99年度預算書中所揭示之願景「提升發票印製效能，結合數位印刷技術，積極開拓市場通路」，顯過於消極，恐難應付未來將面臨之嚴峻挑戰，實有必要更積極之因應措施。因此，財政部印刷廠應針對未來經營環境之變化，提出相關轉型、改造或因應措施，並於立法院第7屆第6會期中，向財政委員會提出專案報告。【經在場委員57人，贊成者3人，反對者54人，少數不通過；並採記名表決方式，表決結果名單附後(61)】
60,"(十五)土銀都市更新投資信託公司，99年度「用人費用」編列4,131萬元，其中雖未編列績效獎金，惟部分用人費用項目編列過於寬鬆；據立法院預算中心報告指出，該公司正式員額薪資係按照土地銀行97年度實際平均薪資加2級編列，且正式職員及工員共30人，超時工作報酬中之「加班誤餐費」卻編列195萬2,000元（預算書p.32、37），平均每人每月約5,400元等，用人費之計算顯無準據。另該公司為避免用人費過於寬列，致決算若發生賸餘可能被用於發放績效獎金，不符該公司99年度虧損3,052萬5,000元之營運情形。爰要求該公司應依預算法第72條規定：「會計年度結束後…其經費未經使用者，應即停止使用。…。」，年度決算用人費若有賸餘，應即停止使用，不得用於發放績效獎金。【經在場委員63人，贊成者3人，反對者60人，少數不通過；並採記名表決方式，表決結果名單附後(60)】"
59,"(九)99年度土銀保險經紀人股份有限公司，「營業費用－業務費用」項下「服務費用」之「保險費」編列137萬3,000元，包括機械及設備保險費40萬元、交通及運輸設備保險費40萬元、什項設備保險費40萬元及責任保險費17萬3,000元。惟該公司「固定資產」中機械及設備僅編列66萬元，保險費卻高達40萬元，顯不成比例；此外，該公司99年度資產負債表中並未列有交通及運輸設備，資產折舊中也未見編列，但業務費中卻列有40萬元之交通及運輸設備保險費，不知依據為何？該等預算之編列實不合理，故該「保險費」除「責任保險費」17萬3,000元外，應予減列二分之一，即60萬元。【經在場委員62人，贊成者3人，反對者59人，少數不通過；並採記名表決方式，表決結果名單附後(59)】"
58,"(八)臺銀人壽保險股份有限公司99年度「固定資產建設改良擴充計畫」編列1,318萬6,000元，惟預算書僅揭露設備採購總額，未有詳細採購數量、單價等資料，礙難據以判斷該等預算編列是否合理。為瞭解各項設備預算編列有無覈實，爰凍結99年度臺銀人壽保險公司「固定資產建設改良擴充計畫」預算五分之一，俟向立法院財政委員會專案報告後，始得動支。【經在場委員60人，贊成者57人，反對者3人，多數通過；並採記名表決方式，表決結果名單附後(58)】"
57,"(七)經查臺灣金控公司99年度預計舉債40億元，連同上（98）年度預算編列「長期債務之舉借」20億元（已於98年6月29日向子公司臺灣銀行舉借），係為支應現金增資臺銀人壽子公司，因97年度全球金融海嘯影響，受創嚴重，急須母公司之協助解決所需。惟時至今日金融海嘯已歇，此外，臺銀人壽公司97年度決算純損9億3,892萬7,000元，但98年截至9月底止之本期純益已達6.17億元，顯見當時急需增資以改善其財務結構之原因已不復存在。臺銀人壽公司現今之財務狀況亦業有相當程度之恢復改善，甚至是轉虧為盈，故當初急須增資理由實已不復存在。而鑒於臺灣金控資金尚非十分充裕，99年度續舉債40億元為其增資既不具急迫性，應予以全數刪除，相關利息費用亦應一併刪除。【經在場委員61人，贊成者3人，反對者58人，少數不通過；並採記名表決方式，表決結果名單附後(57)】"
56,"(六)台銀綜合證券公司99年度證券經紀業務及承銷業務營運量共4,066億元，較98年度4,501億5,000萬元，減少435億5,000萬元；99年度金融保險成本共編列1億9,688萬1,000元，亦較98年度2億8,999萬3,000元，減少9,311萬2,000元，惟證券經紀及承銷費用之郵電費1,038萬元，卻未隨業務量減少而減列，反較98年度預算493萬1,000元，增加544萬9,000元，其中數據通信費848萬4,000元，更較97年度及98年度之493萬1,000元及290萬元高出甚多，顯不合理。故99年度「金融保險成本」項下「證券經紀及承銷費用」中「服務費用」之「郵電費用」較98年度增加之544萬9,000元，應予刪除。【經在場委員62人，贊成者3人，反對者59人，少數不通過；並採記名表決方式，表決結果名單附後(56)】"
55,"(五)台銀人壽保險公司99年度預算「營業費用—業務費用」項下「用人費用」編列「津貼」34萬2,000元，作為出納人員之出納津貼，按其1個月薪資估列。惟台銀人壽保險公司業務主要為人身保險，並無辦理各種存款之收受，比照台灣銀行編列出納津貼，實不合理。且該公司差納人員已投保誠實險，若因疏失導致損失，應可獲得理賠，不須再編列出納津貼，因此，99年度該「津貼」預算34萬2,000元，應全數刪除。【經在場委員61人，贊成者3人，反對者58人，少數不通過；並採記名表決方式，表決結果名單附後(55)】"
54,"(四)台灣銀行99年度預算「營業費用」項下「業務費用」中「服務費用」之「公共關係費」編列4,054萬9,000元，其中包括公教保險部之「公共關係費」21萬6,000元。公保係強制納保，保險對象為全國各機關學校之職員，台銀僅係受指定之承保機關，實不須編有與被保險人、要保機關等往來之公關支出。為撙節開支，台銀公教保險部99年度「公共關係費」21萬6,000元，應予全數刪除。【經在場委員60人，贊成者3人，反對者57人，少數不通過；並採記名表決方式，表決結果名單附後(54)】"
53,"(三)台灣銀行99年度預算「營業費用」項下「業務費用」中「服務費用」之「印刷裝訂與廣告費」編列3億5,653萬2,000元，其中包括公教保險部之「業務宣導費」32萬4,000元。公保係強制納保，且保險對象為全國各機關學校之職員，台銀僅係受指定之承保機關，應無辦理宣導之必要，為撙節開支，台銀公教保險部99年度「業務宣導費」32萬4,000元，應予全數刪除。【經在場委員59人，贊成者3人，反對者56人，少數不通過；並採記名表決方式，表決結果名單附後(53)】"
52,"(一)99年度中央政府附屬單位預算案審查會通過陳委員淑慧等提案：「經查中央存款保險公司……，將94年6月23日（含）以前發行之金融債券，納入全額保障範圍，其政策目的與公共利益顯有違背；爰凍結「營業費用—管理費用」預算1,000萬元，俟……向本院財委會專案報告後，始得動支。」乙案，建請刪除本項決議。【經在場委員61人，贊成者58人，反對者3人，多數通過；並採記名表決方式，表決結果名單附後(52)】"
51,(四十七)99年度中央政府附屬單位預算案針對審查會通過潘委員孟安等提案：「鑑於自來水法仍有『用水底度』之規定，……；但水費之計收，實應比照電費計收機制，爰要求若實際使用之從量費超過基本費時，則不應再行收取基本費，以減輕民眾負擔。」乙案，建請刪除本項決議。【經在場委員58人，贊成者55人，反對者3人，多數通過；並採記名表決方式，表決結果名單附後(51)】財政委員會
50,"(四十六)台水公司99年度預算，專案計畫共編列145億9,037萬8,000元。唯查，該公司部分專案計畫歷年來預算執行欠佳，加上部分計畫土地取得費時，造成辦理時程延後。其中如「穩定供水設施及幹管改善計畫」中之龍潭淨水場及大湳場15萬噸擴建統包工程需俟工程完工試車合格方能支付工程款，但因工期分別為660及720日曆天，99年度不可能支付工程款。「板新地區供水改善二期工程計畫」經該公司預估，99年達成率為94.94%，9,060萬無法於99年度執行。「集集淨水場二期擴建工程計畫」，該計畫統包工程預定99年初辦理發包施工，因工期為360日曆天，99年度不會支付工程款。「台東成功供水系統擴建計畫」經該公司預估，99年達成率為87.25%，147萬7,000元無法於99年度執行。綜上，99年度專案計畫預算減列13億元，其餘凍結十分之一，向立法院經濟委員會提出書面報告後，自動解凍。【經在場委員61人，贊成者58人，反對者3人，多數通過；並採記名表決方式，表決結果名單附後(50)】"
49,"(四十五)自來水公司99年度編列「水電費」科目經費共16億3,799萬元，較上年度預算數15億3,332萬1,000元、前年度決算數13億6,884萬2,000元相較，明顯增加1億餘元，然為響應政府節約用水、用電政策，提高能源運用效能，爰針對99年度「水電費」預算凍結5%，俟向立法院經濟委員會提出書面報告後，自動解凍。【經在場委員63人，贊成者60人，反對者3人，多數通過；並採記名表決方式，表決結果名單附後(49)】"
48,(四十四)關於漢翔公司擬將與中國商用飛機公司合作生產919型民航客機的計畫，雖可增加該公司業務量，但因漢翔公司為我國防空戰機製造商，雖已關閉IDF戰機的生產線，但仍掌握國軍包括空對空飛彈、「萬箭計畫」子母彈等高機密武器技術。加上合作生產之919型客機，雖性質為民航機，但在戰時仍可用於載送或是空投兵員與物資之用。漢翔公司應向立法院經濟委員會、外交及國防委員會提出相關補充說明資料。【經在場委員62人，贊成者59人，反對者3人，多數通過；並採記名表決方式，表決結果名單附後(48)】
47,"(四十三)針對漢翔航空工業公司營業總支出175億3,484萬4,000元，建請含委員會共計刪減3,484萬4,000元整。【經在場委員59人，贊成者57人，反對者2人，多數通過；並採記名表決方式，表決結果名單附後(47)】"
46,"(四十一)針對台電公司98年度因售電量減少、高成本燃油發電減少、燃料價格較預算值為低、燃料及購電減支，以及利率下降利息費用減少等因素，截至10月底止，稅前盈餘為52億1,600萬元，較98年度法定預算虧損382億5,250萬1,000元，大幅反虧為盈。且依主計處最新資料顯示，國人薪資倒退13年，中高齡失業、長期失業人口持續攀升，加計隱藏性失業，實際失業人數高達87.2萬人。日前研考會調查也顯示，房價過高、失業問題、民生物價過高等，高居10大民怨之前4名，足見庶民生活之艱困。為苦民所苦，爰要求在台電公司現已轉虧為盈狀況下，台電公司98年度雖仍有虧損，電價調整仍請台電公司遵照立法院經濟委員會97年11月5日決議之原則辦理，並兼顧民生經濟及避免該公司財務狀況持續惡化。【經在場委員62人，贊成者59人，反對者3人，多數通過；並採記名表決方式，表決結果名單附後(46)】"
45,(四十)本院盧委員秀燕針對立法院第7屆第4會期經濟委員會第10次全體委員會審查台灣電力股份有限公司預算時所作之第廿八項及第卅項決議等有關台電取消學校用電優惠，本席認為該決議有欠允當且影響學童健康甚鉅，不利國家未來發展，爰提案要求撤銷第廿八項及第卅項決議。【經在場委員57人，贊成者54人，反對者3人，多數通過；並採記名表決方式，表決結果名單附後(45)】
44,(三十九)有鑒台灣電力股份有限公司員工用電優待係屬員工福利事項，相關成本應由職工福利金負擔，而非由台電營業收入直接抵減（營業收入減項），故台灣電力股份有限公司99年度營業預算中員工用電優待費用，應改以職工福利金支應，以資適法。【經在場委員56人，贊成者1人，反對者55人，少數不通過；並採記名表決方式，表決結果名單附後(44)】
43,(三十八)經查台電公司依據「員工用電優待辦理要點」（以下簡稱員工用電優待要點），給予員工每人每月用電300度限額內優待用電價格之優惠，優待標準係依上年度發電成本計算優待電價，經查該員工用電優待相關成本係直接由營業收入抵減，實與國有財產法、國營事業管理法及職工福利金條例等規定意旨不符。且台電公司既已依職工福利金條例規定由營業收入提撥一定比例之職工福利金供辦理員工福利事項，該公司員工用電優待係屬員工福利事項，自應由職工福利金支應。基於此，自民國100年始，台電公司不得將員工用電優待成本直接由營業收入抵減。【經在場委員50人，贊成者1人，反對者49人，少數不通過；並採記名表決方式，表決結果名單附後（43）】
42,"(三十七)台電公司99年度固定資產建設改良擴充計畫編列「第七輸變電計畫」407億9,737萬1,000元，建議由台電公司向立法院經濟委員會做專案報告。【經在場委員55人，贊成者55人，反對者0人，多數通過；並採記名表決方式，表決結果名單附後(42)】"
41,"(三十六)台電公司辦理重大專案計畫（19）興達一、二號機空污改善工程計畫，99年度的預算經費為24億2,214萬8,000元。經查：該計畫多次修正總投資金額，由原先的62億3,456萬元，於95年6月修正為80億4,658萬7,000元，更於98年度再度修正總金額為97億3,031萬2,000元，顯示該項計畫缺乏嚴謹的先期規劃及成本效益分析，或刻意低估投資需求以爭取先期審查機關認可的情事。建議由台電公司向立法院經濟委員會提出計畫修正專案報告。【經在場委員58人，贊成者57人，反對者1人，多數通過；並採記名表決方式，表決結果名單附後(41)】"
40,"(三十五)99年度中央政府附屬單位預算案民進黨黨團提案：「深澳電廠更新……將台電深澳電廠99年度預算11億8,781萬6,000元全數刪除。」乙案，建議文字修正為：「深澳電廠更新擴建計畫卸煤碼頭方案及計畫修正案未經行政院核定前，99年度行政院核定預算數11億8,781萬6,000元，其中與卸煤碼頭有關之預算8億568萬1,000元，應予刪除，改列為3億8,213萬5,000元。」（惟刪減數，已包含於98年12月10日立法院經濟委員會審查決議刪減預算數50億元內）【經在場委員56人，贊成者55人，反對者1人，多數通過；並採記名表決方式，表決結果名單附後(40)】"
39,"(三十三)查經濟部所屬台電公司興建深澳燃煤火力發電廠更新擴建計劃修正，未經行政院（經建會）核定與監察院糾正案之環評未解決之前，經濟部與台電公司應遵守環評法與預算法相關規定之精神及立法院預算中心之評估意見，應先將台電深澳燃煤火力發電廠99年度營業預算計新臺幣11億8,781萬6,000元，應全數刪除，俟缺失改進後，經相關主管機關核定與許可時，再行編列該筆預算，以維法制秩序與尊嚴，並彰顯行政倫理。【經在場委員53人，贊成者4人，反對者49人，少數不通過；並採記名表決方式，表決結果名單附後(39)】"
38,"(三十二)查台電公司99年度預算編列「固定資產之建設、改良、擴充」1,610億1,029萬8,000元，包括「專案計畫」23項（含「繼續計畫」21項、「新增計畫」2項）及一般性建築及設備計畫；其中「專案計畫」—「繼續計畫」編列639億3,211萬6,000元，共21項，投資總額之變動情形為：增加1,873億9,735萬9,000元、減少66億6,194萬2,000元，合計淨增列1,807億3,541萬7,000元。其中，投資總額與原計畫書有所不同而調整者，共計有17項（如表）（占比80.95%）。顯見台電公司計畫不實，有虛應本院預算審查之嫌。且此等情事，係為該公司歷年編列預算之慣常手法，除先以較低預算數之編列送請立法院審議，在「頭洗下去了」的境況下，後續在持續修正追加計畫之預算數，挑戰國會監督之極限，為端正國營事業此等不良習性，而且亦發生有國營事業編列預算後，因考量無法執行，而委請本院委員提案代為刪除之情事；爰針對「固定資產之建設、改良、擴充」除審查會已刪減之50億元外，再行減列200億元，以導正未誠實規劃、浮濫修正預算之情事。【經在場委員57人，贊成者3人，反對者54人，少數不通過；並採記名表決方式，表決結果名單附後(38)】"
37,"(三十)鑑於台電公司「研究發展費用—專業服務費」科目99年度編列7億841萬1,000元，主要為「委託調查研究費」7億3,102萬7,000元，查該項費用係編列該公司委外辦理之各項有關電力研究案等所需數。惟經查台電公司99年度委託調查研究費中含有未列明細計畫，備供突發性計畫需求之預算數高達8,149萬元，顯示該公司在尚無計畫需求之情形下預為寬列預算，核與預算法規定不符，並無實際急迫性。基於此，「研究發展費用—專業服務費」項下「委託調查研究費」7億3,102萬7,000元，應予以刪減10%。【經在場委員59人，贊成者4人，反對者55人，少數不通過；並採記名表決方式，表決結果名單附後(37)】"
36,"(二十九)99年度中央政府附屬單位預算案針對審查會通過潘委員孟安等提案：「台電公司99年度預算購入電力1,416億4,719萬3,000元，其中……，酌予凍結10憛A計138億7,981萬5,000元，……，向立法院經濟委員會提出專案報告，經同意後始得動支。」乙案，建請免予凍結。【經在場委員64人，贊成復議並通過本案者60人，反對者4人，多數通過；並採記名表決方式，表決結果名單附後(36)，本案予以通過。】"
35,"(二十八)99年度中央政府附屬單位預算案針對審查會通過張委員嘉郡等提案：「鑑於台電公司之營業支出『材料及用品費』項下之『使用材料費』99年度編列2,157億5,863萬4,000元。……，凍結該項預算15%，俟向立法院經濟委員會提供詳細說明，經報告同意後，始得動支。……」乙案，建請免予凍結。【經在場委員66人，贊成復議並通過本案者62人，反對者4人，多數通過；並採記名表決方式，表決結果名單附後(35)，本案予以通過。】"
34,"(二十五)針對經濟委員會審查潘孟安等所提「台電公司公共關係費3,100萬元，建請減列300萬元」乙案，建請僅減列100萬元，以維正常運作。【經在場委員57人，贊成者54人，反對者3人，多數通過；並採記名表決方式，表決結果名單附後(34)】"
33,"(二十四)依本院預算中心指出，「國營事業之每年除編列公關費外，尚編列業務宣導費、廣告費，且金額頗鉅。」，99年度台電公司編列公關費3,100萬元，另編有業務宣導費2億5,874萬元，有鑑於公關費、業務宣導費、廣告費等，多用於推展公關及溝通、加強客戶往來關係及使營運能順利運作，固有其必要性，惟各項支出名目五花八門，易為機關混淆支用（例如業務宣導費與公關費），且支用十分浮濫，迭遭質疑。且考量台電公司近年來公司治理不佳，該等費用易產生浮濫情事，爰針對「公關費」3,100萬元、「印刷裝訂與廣告費」項下「業務宣導費」2億5,874萬元，各酌予統刪30%，以撙節支出。【經在場委員54人，贊成者3人，反對者51人，少數不通過；並採記名表決方式，表決結果名單附後(33)】"
32,"(二十三)鑑於台電公司99年度預算各項發電費用項下「服務費用—水電費」科目計編列11億3,434萬元，較上年度增加2億9,938萬4,000元，增幅35.86%，亦較97年度決算數增加1億7,954萬5,000元，增幅約18.80%。經核算95年度以來各年度售電量變動率，並對照各年度水電費用增加率，發現水電費用成長速度遠高於售電量成長速度（詳參附表1），顯然水電費存有不必要之浪費情事，亟需檢討抑減。有鑑於此，「服務費用—水電費」99年度新增2億9,938萬4,000元，應予以全數刪除。【經在場委員50人，贊成者2人，反對者48人，少數不通過；並採記名表決方式，表決結果名單附後(32)】"
31,(二十二)針對台灣電力公司研擬並已獲經濟部同意之「電價燃料條款機制」（經濟部98年1月12日經能字第09802600630號函），該機制所採影響電價權重之項目及其加權平均之計算方式、啟動時機、實施時點等等設計，顯有犧牲民生、產業用戶權益，以拖延降價時點之手段，令台電公司得以變相獲利之情事；另外，再檢視台電所公布的「99年第1季化石燃料發購電加權平均每度燃料成本」表，其中，台電公司自發電燃料部分之價格，與立法院經濟委員會決議之電價應調降之「對應價格」加以比較，天然氣與燃煤之實績單價，均已低於「對應價格」（天然氣已低於對應價格：-1.1435元/千M3、燃煤已低於對應價格：-45元/千公噸）；顯見台電公司之發電燃料成本確實大幅下跌，故電價應有調降空間；爰要求台電公司應立即調降電價。【經在場委員48人，贊成者2人，反對者46人，少數不通過；並採記名表決方式，表決結果名單附後(31)】
30,(二十一)我國是標準的海島型國家，長期以來我國的漁業發展一直是我國追求經濟成就的重要支柱。有鑑於此，政府對於我國漁業團體的照顧應建立永續發展的概念，不僅在政策面向給予輔導更應在產業補助上提供實際的協助。近年來國際油價漲幅波動益發劇烈，造成我國漁業團體營運成本上揚，影響全國漁民生計與國際競爭力，嚴重損及我國漁業之長遠發展。為保我國近海與遠洋漁業之永續發展。鑒於反映甲、乙種漁船用油之合理計價基礎，並兼顧我國沿海漁業經濟效益，甲、乙種漁船用油之調整應按高級柴油漲跌之百分比進行修正。故建請經濟部儘速針對「國內汽、柴油浮動油價調整機制作業原則」進行修正，並重新計價擬定合理之計算基準點，以護我國漁業經濟命脈。【經在場委員50人，贊成者48人，反對者2人，多數通過；並採記名表決方式，表決結果名單附後(30)】
29,(二十)99年度中央政府附屬單位預算案針對審查會通過潘委員孟安等提案：「鑑於民營公用事業之『天然氣事業』，現行基本費之計收……經濟部應要求天然氣事業之基本費計收，須比照電費之計價機制，於用戶實際使用之從量費超過基本費時，則不應收取基本費，以減輕民眾負擔。」乙案，建請刪除本項決議。【經在場委員48人，贊成者45人，反對者3人，多數通過；並採記名表決方式，表決結果名單附後(29)】
28,(十九)99年度中央政府附屬單位預算案針對審查會通過潘委員孟安等提案：「依民營公用事業監督條例……經濟部除應儘速揭露相關成本計算，檢討基本費標準，及應儘速修法，明定天然氣事業之基本費，須比照電費之計價機制，於用戶實際使用之從量費超過基本費時，則不收取基本費。」乙案，建請刪除本項決議。【經在場委員48人，贊成者45人，反對者3人，多數通過；並採記名表決方式，表決結果名單附後(28)】
27,"(十八)99年度中央政府附屬單位預算案針對審查會通過林委員滄敏等提案：「台灣中油公司99年度編列轉投資預算95億4,605萬9,000元，除轉投資國光石化科技公司85億1,940萬元外，其餘10億2,665萬9,000元全數凍結，待向本院經濟委員會報告後始得動支。」乙案，建請免予凍結。【經在場委員44人，贊成者41人，反對者3人，多數通過；並採記名表決方式，表決結果名單附後(27)】"
26,(十五)針對中油公司「固定資產之建設、擴充、改良」除審查會已刪減55億元外建議再減列25億元。【經在場委員52人，贊成者46人，反對者6人，多數通過；並採記名表決方式，表決結果名單附後(26)】
25,"(十四)依本院預算中心指出，「國營事業之每年除編列公關費外，尚編列業務宣導費、廣告費，且金額頗鉅。」，99年度中油公司除編列公關費1,182萬9,000元外，另編有業務宣導費2億6,772萬元及廣告費1億3,770萬元，有鑑於公關費、業務宣導費、廣告費等，多用於推展公關及溝通、加強客戶往來關係及使營運能順利運作，固有其必要性，惟各項支出名目五花八門，易為機關混淆支用（例如業務宣導費與公關費），且支用十分浮濫，迭遭質疑。且考量台灣中油公司近年來經營績效不佳，及該等費用易產生浮濫情事，爰針對台灣中油公司99年度「印刷裝訂與廣告費」項下「業務宣導費」2億6,772萬元及「廣告費」1億3,770萬元，再酌予統刪30%，以撙節支出。【經在場委員49人，贊成者5人，反對者44人，少數不通過；並採記名表決方式，表決結果名單附後(25)】"
24,"(十三)台灣中油股份有限公司99年度「營業成本」項下「其他營業成本」中「探勘費用」編列「台南盆地海域三維震波測勘及資料處理」招標委託案，總金額9億4,398萬3,000元，建議全數刪除。【經在場委員50人，贊成者6人，反對者44人，少數不通過；並採記名表決方式，表決結果名單附後(24)】"
23,(十二)馬政府執政後，頻以相關國營事業、財團法人重要管理人員之職位作為酬庸使用，現已發生有台灣金聯資產管理公司董事長因費用支出不當，遭解職之情事，但也有重要的國營事業人事長期出缺不補，台灣中油公司董事長一直懸缺至今，即為顯例，且讓外界質疑有「喬不攏」或「待價而沽」嫌疑，對國營事業形象影響甚鉅，為監督經濟部主管之台灣中油公司公司治理得以完善，爰提請於台灣中油公司董事長未產生前，該公司99年度營業總支出予以凍結50%，俟向立法院經濟委員會就董事長人事之選任條件及情形，進行專案報告後，始得動支。【經在場委員49人，贊成者6人，反對者43人，少數不通過；並採記名表決方式，表決結果名單附後(23)】
22,"(十一)查監察院於99年4月7日糾正「經濟部所屬台灣中油股份有限公司浮動油價公式中，逕以較高費率計列空污費、石油基金等情形，致生紛擾，確有失當。」；且台灣中油公司長期以來遭社會普遍質疑利用浮動油價而為「漲多跌少」之操弄；另依行政院公平交易委員會之委託研究報告指出「浮動油價機制的設計……研究顯示這樣的機制設計有過度反應成本上漲之嫌，對石油公司有利，但對消費者不利。」；另查，台灣中油公司99年度1月至3月之稅前盈餘已達34億0,800萬元，同時，上（98）年度稅前盈餘達成率高達352.84%，較法定預算數增加207億1,300萬元；故為防杜台灣中油公司繼續藉由操弄油價而掏空百姓荷包，形同變相加稅之行徑，建請台灣中油公司若達成99年度盈餘金額時，油價應即凍漲，以維庶民生計。【經在場委員53人，贊成者47人，反對者6人，多數通過；並採記名表決方式，表決結果名單附後(22)】"
21,(十)中油公司為求參與替代油源之開發，計畫99年度投資240億元，探採非傳統油源中生產量最高之加拿大油砂。其中98年度及99年度預算各於「油氣分配權益」編列新台幣72億元以取得礦區權益。惟本案如係以合資方式與其他石油公司合作另立新探勘公司並購買礦區權益，形同轉投資，依據預算法第85條規定，本應為資金轉投資及其盈虧之估計，同法第50條規定，資金轉投資更為立法院之審議重點，應依規定編列轉投資預算。爰凍結99年度預算五分之一，俟改列轉投資預算並提出盈虧之估計，始得動支，審慎運用資金。【經在場委員49人，贊成者46人，反對者3人，多數通過；並採記名表決方式，表決結果名單附後(21)】
20,(九)台灣糖業股份有限公司應整合所有蘭花業者共同拓銷國際市場。【經在場委員55人，贊成者49人，反對者6人，多數通過；並採記名表決方式，表決結果名單附後(20)】
19,"(八)針對台糖公司—研究發展費用編列2億9,679萬3,000元，除審查會已通過減列2,000萬元外，建請再行減列1,000萬（科目自行調整）。【經在場委員53人，贊成者47人，反對者6人，多數通過；並採記名表決方式，表決結果名單附後(19)】"
18,(七)台灣糖業股份有限公司被占用土地，應於民國101年全部收回並提出逐年回收計畫。【經在場委員40人，贊成者32人，反對者8人，多數通過；並採記名表決方式，表決結果名單附後(18)】
17,"(六)針對台糖公司「公共關係費用」901萬3,000元，除審查會刪減之1萬3,000元外，建請再減列98萬7,000元。即共刪減100萬元。【經在場委員44人，贊成者38人，反對者6人，多數通過；並採記名表決方式，表決結果名單附後(17)】"
16,(五)查立法院經濟委員會及預算中心，歷年針對台糖公司經營蜜鄰超商之決策及預算即多所質疑，另今（2010）年2月3日監察院甫通過糾正台糖公司「辦理蜜鄰事業，急欲達成展店目標，對據點之遴選草率，且部門間橫向溝通聯繫不足，未能審慎評估規劃，肇致鉅額虧損，洵有違失；復為求展店數達經濟規模，而忽略應有之配套措施，且未適度控管轉移之節餘人力，超額移轉產生之過高人事成本，致蜜鄰事業經營雪上加霜，誠屬未當；另對於蜜鄰事業之虧損未思積極改進，僅為求降低虧損率將營業據點租予全家，經營策略欠缺長遠規劃，且與全家議定策略聯盟，未審慎維護公司應有之權益，均有未當。」，基此，台糖公司99年度營業總支出除固定支出外，凍結十分之一，俟經濟部與台糖公司，就蜜鄰超市之決策及經營績效之檢討、責任之查察及退場機制之研擬等，向立法院經濟委員會提出專案報告，經同意後始得動支。【經在場委員62人，贊成者54人，反對者8人，多數通過；並採記名表決方式，表決結果名單附後(16)】
15,"(四)針對台糖除審查會已對營業總支出刪減12億624萬5,000元外再酌予減列5,000萬元，以加強台糖公司治理。【經在場委員67人，贊成者60人，反對者7人，多數通過；並採記名表決方式，表決結果名單附後(15)】"
14,(三)依據政府資訊公開法第六條規定：「與人民權益攸關之施政、措施及其他有關之政府資訊，以主動公開為原則，並應適時為之。」、第十八條規定：「政府資訊屬於下列各款情形之一者，應限制公開或不予提供之：……九、公營事業機構經營之有關資料，其公開或提供將妨害其經營上之正當利益者。但對公益有必要者，得公開或提供之。」故國營事業之經營資訊除可能妨害其經營上之正當利益者，應予主動公開；且董事會為公司制組織日常營運之最高決策單位，準此，公司董事會議事錄顯為公司經營之重要資訊，允應依照政府資訊公開法規定，主動公開民眾查閱，惟查現行公司組織之國營事業均未於董事會後即時於公司網站上揭露其完整董事會議事錄，資訊揭露之透明度顯未及一般民間企業，並有違政府資訊公開法應主動公開之原則；爰要求經濟部主管之國營事業，其董事會運作資訊（董事會議事錄），除可能妨害其經營上之正當利益者外，應透過網際網路予以公開，以利公眾查閱監督。【經在場委員65人，贊成者6人，反對者59人，少數不通過；並採記名表決方式，表決結果名單附後(14)】
13,(二)查國營事業最為人詬病者為政治性人事安排、缺乏效率、產品品質與服務態度差及政策性決定價格等，而在國內外民間產業蓬勃發展，自由化已成為經濟發展主流，各國營事業單位之經營均面臨市場日益嚴苛之挑戰，國營事業亦應依照企業經營方式，以事業發展事業，並力求有盈無虧，增加國庫收入。因此國營事業要能獲利，必須提升競爭力，其基本要件不外乎「開源節流」，即提高產品品質以拓展銷售量、控管費用以降低產品成本。然而，馬政府上台後屢屢有安插國營事業人事遭反彈情事，且發生有某國營事業董事長因而憤而辭職之例；另依本院預算中心指出經濟部主管國營事業，聘任甚多專任顧問，且每月薪資極高，包括台灣中油公司、台灣糖業公司、漢翔公司、台灣自來水公司皆聘任有專任顧問在案，且專任顧問之設置，已發生有如下缺失：「顧問與其他主管督導業務疊床架屋，不符員額精簡原則」、「顧問成為各該公司卸任高階主管之美化職稱，難以發揮其功能及提升事業競爭力」、「顧問成為任用故舊僚屬之職位，不但打擊員工士氣且不利業務發展」、「聘用顧問浮濫，衍生成為董事長貪瀆索賄之白手套」等等；爰要求經濟部主管之國營事業，自下年度起，不得再聘用專任顧問，以杜絕國營事業顧問之專長與功能顯不相符與坐領高薪或酬庸性質之情事續存。【經在場委員67人，贊成者7人，反對者60人，少數不通過；並採記名表決方式，表決結果名單附後(13)】
12,(一)查國營事業管理法第十九條規定「國營事業產品之銷售，由事業機構辦理；遇有統籌之必要時，其統籌辦法由主管機關另定之。」，而經濟部主管國營事業之產品與服務，項目繁多，而經濟部對於統籌展售，並未見有相關政策性規劃；爰要求經濟部應就該部主管國營事業產品之統籌展售措施，研提可行性方案，並向立法院經濟委員會提出專案報告。【經在場委員66人，贊成者7人，反對者59人，少數不通過；並採記名表決方式，表決結果名單附後(12)】
11,(一)99年度中央政府附屬單位預算案有關民主進步黨立法院黨團蔡委員煌瑯等提案：「榮工公司採資產作價及責任施工方式與民間企業合組新公司，未移轉業務留存公司清理……。榮工公司應就第四次民營化決標予亞翔公司等細節，就其民營化前後對相關施政計畫之影響至本院提出專案報告。」乙案，建請刪除本項提案。【經在場委員65人，贊成者57人，反對者7人，多數通過；並採記名表決方式，表決結果名單附後(11)】
10,(三)任職政府直接或間接控制其人事、財務或業務之財團法人、行政法人、公法人、轉投資或再轉投資事業之事業職務或擔任政府代表、公股代表。未依上述規定自再任之日起停止支領月退休金及優惠存款利息而有溢領情事者，應由支給機關依法追繳自應停止支領日起溢領之退休金及優存利息。【經在場委員65人，贊成者6人，反對者58人，少數不通過；並採記名表決方式，表決結果名單附後(10)】
9,四、政府直接或間接控制其人事、財務或業務之財團法人、行政法人、公法人、轉投資或再轉投資事業，以及接受政府補助或委辦經費占其年度總收入達百分之五十之財團法人，除依預算法、決算法及本決議前三項規定辦理外，應由各該主管機關彙整該等財團法人或事業單位之營運及資金運用計畫書，提報行政院，併同年度總預算案送立法院。【經在場委員69人，贊成者5人，反對者64人，少數不通過；並採記名表決方式，表決結果名單附後 (9)】
8,(十)為配合政府節能減碳政策，爰要求各國營事業單位儘速清查並檢討辦公設備耗電情形，並自100年起每年汰換10%耗電用品為節能設備。【經在場委員72人，贊成者64人，反對者8人，多數通過；並採記名表決方式，表決結果名單附後(8)】
7,(九)部分財團法人雖政府捐助比例未超過百分之五十，但其財源收入卻為政府賦予其執行公權力而強制收取之款項，依預算法第24條規定：「政府徵收賦稅、規費及因實施管制所發生之收入，或其他有強制性之收入，應先經本法所定預算程序。但法律另有規定者，不在此限。」，然該等財團法人之預決算卻未經由立法院審議，實難監督其因公權力所產生的收入相關支用情形。此外，公司法第369條之2規定：「公司持有他公司有表決權之股份或出資額，超過他公司已發行有表決權之股份總數或資本總額半數者為控制公司，該他公司為從屬公司。除前項外，公司直接或間接控制他公司之人事、財務或業務經營者亦為控制公司，該他公司為從屬公司。」，亦即政府捐助或轉投資之機構雖捐助或投資比例未超過50%，惟若直接或間接控制該機構之人事、財務或業務經營，該機構自為政府之從屬機構，其預算書即應送立法院審議。另政府每年均編列鉅額預算補捐助或委辦財團法人，許多財團法人接受政府補捐助或委辦之經費超過該財團法人年度總收入百分之五十以上，甚至有超過八成以上者，但此等以政府補助、委辦為主要收入來源之財團法人，其預決算書均不須送立法院審議，致立法院對於政府每年龐大的補助、委辦經費無法有效監督。為落實國會監督，爰要求財團法人或事業機構符合下列情形之一者，均應將其年度預、決算書送立法院審議：一、凡其基金來源有依法律或行政命令收取之強制性收入或其他合法之收入者。二、政府直接或間接控制其人事、財務或業務經營者。三、接受政府補助或委辦經費占其年度總收入達百分之五十以上者。【經在場委員69人，贊成者8人，反對者61人，少數不通過；並採記名表決方式，表決結果名單附後(7)】
6,(八)政府近年來實行組織人事精簡，使得勞務外包的政府採購案及人力派遣案愈來愈多，甚至許多部會運用勞動派遣的人數已遠大於該部會之現有員額，以勞委會為例，外包承攬加派遣三類人力就占勞委會現有人力的六成多，派遣人力早已淹沒政府各單位，政府單位已成為派遣的始作俑者，嚴重打擊剛出社會年輕人對就業的未來願景。根據行政院各部會單位徵人廣告，發現其應徵職務由政府單位面試、職位由派遣公司聘用，無視勞工權益，公然借殼用人，嚴重逃避雇主責任，勞委會居然視而不見，以「合法但不合理」自我感覺良好。其次，目前政府機關為節省成本、規避雇主責任，以承攬業務之名行雇傭之實，將個別勞工視為廠商，以免去原應負擔之雇主責任與成本，「假承攬、真雇用」規避勞基法，抑或政府機關將業務委外給人力派遣公司，卻容許派遣公司與其勞工簽訂違法之勞動契約，致使被派至政府機關工作的勞工，其勞動權益嚴重受損。政府機關之作為理應對企業有示範作用，但目前政府機關不僅帶頭違法，而行政院人事行政局、公共工程委員會、勞委會非但不立即遏止政府機關帶頭違反勞動法令、進行政府勞務採購之查察工作、檢修現行政府部門勞務採購法令有無不足之處，還互踢皮球，開會研議曠日廢時，要求行政院應以副院長層級出面召集相關會議，以確保勞工權益，並將辦理情形於第六會期送至立法院社會福利及衛生環境委員會審查。【經在場委員72人，贊成者8人，反對者63人，少數不通過；並採記名表決方式，表決結果名單附後(6)】
5,(七)針對政府於國家安全、資訊安全、通訊保障、金融保險服務之安全機制建立等尚未建置完善保護及防制措施下，即於去(2009)年率爾公布大幅開放100項業別項目（製造業開放64項、服務業開放25項、公共建設部分開放11項）令中資得以投資；另外，已發生有經濟部主管台灣中油公司之「台南盆地海域三維震測及資料處理」政府採購標案，罔顧國家安全情事，率爾開標讓中國國營中海油田服務公司在馬來西亞登記的COSL公司獲得最低標，迄今相關爭議仍待處理；基此，爰決議：我國之政府採購 (含國營事業在內)，應禁止中資或其最終資金來源為中資者參與政府採購 (含工程之定作、財物之買受、定製、承租及勞務之委任或僱傭等)。【經在場委員77人，贊成者10人，反對者67人，少數不通過；並採記名表決方式，表決結果名單附後(5)】
4,(六)現行勞工倘遭裁員、資遣、或失業1個月以上未逾6個月、或失業逾6個月者，其子女須依不同情況分別洽學產基金、教育部或勞工委員會申請就學補助，除導致補助申請及審核管道多重，程序化簡為繁；再者，各機關預算各自編列，資源配置失當，且補助對象、條件、金額不一，致無從評估其補助標準及估算基礎之合理性。基此，建議行政院宜予整合失業勞工子女就學補助資源，統籌由單一機關辦理預算編列及審核發放補助款事宜，以達事權統一，避免資源扭曲配置，俾利有限資源能作最有效運用。【經在場委員96人，贊成者67人，反對者29人，多數通過；並採記名表決方式，表決結果名單附後(4)】
3,(二)預算法第25條前項規定：「政府不得於預算所定外，動用公款、處分公有財物或為投資之行為。」同法第72條規定：「會計年度結束後…其經費未經使用者，應即停止使用。…」然國營事業卻以行政規則自訂預算節餘款發給其他名目獎金，顯與預算法有所牴觸，且工作獎金等其他名目獎金之發放，未具法源，其財源為用人費或考核獎金之節餘款，則為預算所定外動用公款之行為，違反會計年度結束後，未使用之經費應停止使用之規定，爰要求自99年度起各國營事業不得再以預算節餘款發放任何獎金。【經在場委員97人，贊成者30人，反對者67人，少數不通過；並採記名表決方式，表決結果名單附後(3)】
2,經查依據國營事業管理法第10條規定：「國營事業之組織，應由主管機關呈請行政院核轉立法院審定之。」然現有之國營事業中仍有部分未有法定組織，或僅以行政命令訂定相關組織規程行之（詳如附表1）。國營事業之組織，依法應送請立法院審定，然現有國營事業中，有部分係僅以臺灣省政府時期所發布之組織規程行之，甚而有連行政命令層級之組織規程亦付之闕如者。顯有藐視國會之嫌，基於此，台灣糖業（股）公司、台灣中油（股）公司、台灣電力（股）公司、台灣自來水（股）公司、臺灣土地銀行（股）公司、財政部印刷廠、中央存款保險（股）公司，以及榮民工程（股）公司等，99年度營業總支出預算酌予凍結15%，俟上述公司提出組織法制化時程後，始得動支。【經在場委員97人，贊成者30人，反對者67人，少數不通過；並採記名表決方式，表決結果名單附後(2)】
1,一、本院民進黨黨團，針對本院第7屆第5會期第13次會議議事日程所列報告事項第十五案委員陳根德等16人擬具「漁會法第十六條之一、第二十一條之二及第二十六條之二條文修正草案」、第十六案委員陳根德等16人擬具「農會法第十五條之一、第二十條之二及第二十五條之二條文修正草案」、第十七案委員朱鳳芝等24人擬具「廣播電視法第二條及第三十三條條文修正草案」、第十八案委員朱鳳芝等22人擬具「衛星廣播電視法第二條及第十九條條文修正草案」、第十九案委員劉銓忠等20人擬具「農業金融法第二十六條條文修正草案」、第二十案委員楊麗環等21人擬具「政務人員退職撫卹條例部分條文修正草案」、第二十二案行政院函請審議「國家中山科學研究院設置條例草案」、第二十三案行政院函請審議廢止「行政院衛生署藥物食品檢驗局組織條例」及「行政院衛生署管制藥品管理局組織條例」、第二十四案行政院函請審議「醫療法第四條、第九十條及第一百十五條條文修正草案」、第二十五案行政院函請審議「管制藥品製藥股份有限公司設置條例草案」、第二十六案行政院函請審議「管制藥品管理條例部分條文修正草案」及第二十七案行政院函請撤回前送請審議之「難民法草案」等12案之決定，提出復議，請公決案。決議：民進黨黨團所提復議案不通過，各案均照原作決定處理。【經在場委員96人，贊成復議案通過者30人，反對者66人，少數不通過；並採記名表決方式，表決結果名單附後(1)】
